Code,Name,Name KH,Category Code,Unit ID,Cost,Price,Alert Quantity, Tax Rate Name,Tax Method,Subcategory Code,Product Variants Separated by |,Supplier1(No),Supplier2(No),Supplier3(No),Supplier4(No),Supplier5(No),Custom Field 1,Custom Field 2,Custom Field 3,Custom Field 4,Custom Field 5,Custom Field 6,Image,Type(standard or service)
9555311002638,នំធុងប្រេក​ថាម,WF_BREAK TIME,0001,8,3.08,3.67,600, No Tax, exclusive,,ធុង=1_3.67|កេស=6_22,,,,,,700g x 6ធុង,700g x 6ធុង,700g x 6ធុង,700g x 6ធុង,700g x 6ធុង,700g x 6ធុង,9555311002638.jpg,standard
9555311002683,នំធុងរូបសាន់នីដេ,WF_SUNNY DAY ,0001,8,3.08,3.67,600,,,,ធុង=1_3.67|កេស=6_22,,,,,,700g x 6ធុង,700g x 6ធុង,700g x 6ធុង,700g x 6ធុង,700g x 6ធុង,700g x 6ធុង,9555311002683.jpg,standard
955531100254,នំធុងធីថាម,WF_TEA TIME,0001,8,3.08,3.67,600,,,,ធុង=1_3.67|កេស=6_22,,,,,,700g x 6ធុង,700g x 6ធុង,700g x 6ធុង,700g x 6ធុង,700g x 6ធុង,700g x 6ធុង,955531100254.jpg,standard
9555311002676,នំធុងរូបកាំជ្រូច,WF_FESTIVAL,0001,8,3.08,3.67,600,,,,ធុង=1_3.67|កេស=6_22,,,,,,700g x 6ធុង,700g x 6ធុង,700g x 6ធុង,700g x 6ធុង,700g x 6ធុង,700g x 6ធុង,9555311002676.jpg,standard
9556422568907,នំធុងរូបកូឡាប,WF_BLOOSOM,0001,8,3.08,3.67,600,,,,ធុង=1_3.67|កេស=6_22,,,,,,700g x 6ធុង,700g x 6ធុង,700g x 6ធុង,700g x 6ធុង,700g x 6ធុង,700g x 6ធុង,9556422568907.jpg,standard
9556422568891,នំធុងរូបវាលស្រែ,WF_BUMPER,0001,8,3.08,3.67,600,,,,ធុង=1_3.67|កេស=6_22,,,,,,700g x 6ធុង,700g x 6ធុង,700g x 6ធុង,700g x 6ធុង,700g x 6ធុង,700g x 6ធុង,9556422568891.jpg,standard
9555311002652,នំធុងរូបត្រង៉ោខៀវ,WF_HAPPINESS-BLUE,0001,8,3.08,3.67,600,,,,ធុង=1_3.67|កេស=6_22,,,,,,700g x 6ធុង,700g x 6ធុង,700g x 6ធុង,700g x 6ធុង,700g x 6ធុង,700g x 6ធុង,9555311002652.jpg,standard
9555311002669,នំធុងរូបត្រង៉ោក្រហម,WF_HAPPINESS-RED,0001,8,3.08,3.67,600,,,,ធុង=1_3.67|កេស=6_22,,,,,,700g x 6ធុង,700g x 6ធុង,700g x 6ធុង,700g x 6ធុង,700g x 6ធុង,700g x 6ធុង,9555311002669jpg,standard
9555311002621,នំធុងកុងស៊ីហ្វាឆាយ,WF_GONG XI FA CAI,0001,8,3.08,3.67,600,,,,ធុង=1_3.67|កេស=6_22,,,,,,700g x 6ធុង,700g x 6ធុង,700g x 6ធុង,700g x 6ធុង,700g x 6ធុង,700g x 6ធុង,9555311002621jpg,standard
721557365229,នំធុងខ្មៅរូបកន្ទុំរុយ,DF_GOLDEN STORY,0001,8,3.08,3.67,600,,,,ធុង=1_3.67|កេស=6_22,,,,,,700g x 6ធុង,700g x 6ធុង,700g x 6ធុង,700g x 6ធុង,700g x 6ធុង,700g x 6ធុង,721557365229jpg,standard
721557365205,នំធុងរូបផ្លែក្រូច,DF_FAMILY ASSORTED,0001,8,3.08,3.67,600,,,,ធុង=1_3.67|កេស=6_22,,,,,,700g x 6ធុង,700g x 6ធុង,700g x 6ធុង,700g x 6ធុង,700g x 6ធុង,700g x 6ធុង,721557365205jpg,standard
955311002683,នំធុងម៉ាឡេ6ខាំមេអំបៅ,ASSORTED BISCUITS,0002,8,2.9,3.42,600,,,,ធុង=1_3.42|កេស=6_20.5,,,,,,600g x 6ធុង,600g x 6ធុង,600g x 6ធុង,600g x 6ធុង,600g x 6ធុង,600g x 6ធុង,955311002683.jpg,standard
9555311002935,នំធុងម៉ាឡេ6ខាំប្រាវូ,ASSORTED BISCUITS,0002,8,2.9,3.42,600,,,,ធុង=1_3.42|កេស=6_20.5,,,,,,600g x 6ធុង,600g x 6ធុង,600g x 6ធុង,600g x 6ធុង,600g x 6ធុង,600g x 6ធុង,9555311002935.jpg,standard
9555311002836,នំឃុកឃីប្រអប់ដែកតូចស្ត្របេរី,WF BUTTER SHORTBREAD RASPBERRY & ALMOND,0004,8,0,4.04,1200,,,,ធុង=1_4.04|កេស=12_48.5,,,,,,400g x 12ធុង,400g x 12ធុង,400g x 12ធុង,400g x 12ធុង,400g x 12ធុង,400g x 12ធុង,9555311002836.jpg,standard
9555311002829,នំឃុកឃីប្រអប់ដែកតូចប្លូបើរី,WF BUTTER SHORTBREAD BLUEBERRY & ALMOND,0004,8,0,4.04,1200,,,,ធុង=1_4.04|កេស=12_48.5,,,,,,400g x 12ធុង,400g x 12ធុង,400g x 12ធុង,400g x 12ធុង,400g x 12ធុង,400g x 12ធុង,9555311002829.jpg,standard
9555311002812,នំឃុកឃីប្រអប់ដែកតូចសូកូឡា,WF BUTTER SHORTBREAD COCOA,0004,8,0,4.04,1200,,,,ធុង=1_4.04|កេស=12_48.5,,,,,,400g x 12ធុង,400g x 12ធុង,400g x 12ធុង,400g x 12ធុង,400g x 12ធុង,400g x 12ធុង,9555311002812.jpg,standard
721557365502,នំធុងថងនួនខ្លី​ស្ត្របេរី,DF WAFER STICKS STRAWBERRY,0005,8,2.73,3.04,1200,,,,ធុង=1_3.04|កេស=12_36.5,,,,,,500g x 12ធុង,500g x 12ធុង,500g x 12ធុង,500g x 12ធុង,500g x 12ធុង,500g x 12ធុង,721557365502.jpg,standard
721557365519,នំធុងថងនួនខ្លី​សូកូឡា,DF WAFER STICKS CHOCOLATE,0005,8,2.73,3.04,1200,,,,ធុង=1_3.04|កេស=12_36.5,,,,,,500g x 12ធុង,500g x 12ធុង,500g x 12ធុង,500g x 12ធុង,500g x 12ធុង,500g x 12ធុង,721557365519.jpg,standard
721557365526,នំធុងថងនួនខ្លី​ដូង,DF WAFER STICKS COCONUT ,0005,8,2.73,3.04,1200,,,,ធុង=1_3.04|កេស=12_36.5,,,,,,500g x 12ធុង,500g x 12ធុង,500g x 12ធុង,500g x 12ធុង,500g x 12ធុង,500g x 12ធុង,721557365526.jpg,standard
721557365557,នំធុងថងនួនខ្លី​តយ,DF WAFER STICKS PANDAN,0005,8,2.73,3.04,1200,,,,ធុង=1_3.04|កេស=12_36.5,,,,,,500g x 12ធុង,500g x 12ធុង,500g x 12ធុង,500g x 12ធុង,500g x 12ធុង,500g x 12ធុង,721557365557.jpg,standard
721557365540,នំធុងថងនួនខ្លីធូរេ,DF WAFER STICKS DURIAN,0005,8,2.73,3.04,1200,,,,ធុង=1_3.04|កេស=12_36.5,,,,,,500g x 12ធុង,500g x 12ធុង,500g x 12ធុង,500g x 12ធុង,500g x 12ធុង,500g x 12ធុង,721557365540.jpg,standard
721557365533,នំធុងថងនួនខ្លី​​វ៉ានីឡា,DF WAFER STICKS VANILA,0005,8,2.73,3.04,1200,,,,ធុង=1_3.04|កេស=12_36.5,,,,,,500g x 12ធុង,500g x 12ធុង,500g x 12ធុង,500g x 12ធុង,500g x 12ធុង,500g x 12ធុង,721557365533.jpg,standard
721557362525,នំធុងថងនួនដៃយួរ​ដូង,TWINKLE COCONUT,0006,8,3.63,4.25,600,,,,ធុង=1_4.25|កេស=6_25.5,,,,,,600g x 6ធុង,600g x 6ធុង,600g x 6ធុង,600g x 6ធុង,600g x 6ធុង,600g x 6ធុង,721557362525.jpg,standard
721557362501,នំធុងថងនួនដៃយួរស្ត្របេរី,TWINKLE STRAWBERRY,0006,8,3.63,4.25,600,,,,ធុង=1_4.25|កេស=6_25.5,,,,,,600g x 6ធុង,600g x 6ធុង,600g x 6ធុង,600g x 6ធុង,600g x 6ធុង,600g x 6ធុង,721557362501.jpg,standard
721557362532,នំធុងថងនួនដៃយួរវ៉ានីឡា,TWINKLE VANILA,0006,8,3.63,4.25,600,,,,ធុង=1_4.25|កេស=6_25.5,,,,,,600g x 6ធុង,600g x 6ធុង,600g x 6ធុង,600g x 6ធុង,600g x 6ធុង,600g x 6ធុង,721557362532.jpg,standard
721557362518,នំធុងថងនួនដៃយួរសូកូឡា,TWINKLE CHOCOLATE,0006,8,3.63,4.25,600,,,,ធុង=1_4.25|កេស=6_25.5,,,,,,600g x 6ធុង,600g x 6ធុង,600g x 6ធុង,600g x 6ធុង,600g x 6ធុង,600g x 6ធុង,721557362518.jpg,standard
9556218120593,នំដំឡូងកំប៉ុងឡុនដុនដំឡូង,LONDON POTATO CHIPS ORIGINAL,0008,5,0.77,1.21,1400,,,,កំប៉ុង=1_1.21|កេស=14_17,,,,,,160​g x 14កំប៉ុង,160​g x 14កំប៉ុង,160​g x 14កំប៉ុង,160​g x 14កំប៉ុង,160​g x 14កំប៉ុង,160​g x 14កំប៉ុង,9556218120593.jpg,standard
9556218120609,នំដំឡូងកំប៉ុងឡុនដុនប៊ីប៊ីឃ្យូ,LONDON POTATO CHIPS BBQ,0008,5,0.77,1.21,1400,,,,កំប៉ុង=1_1.21|កេស=14_17,,,,,,160​g x 14កំប៉ុង,160​g x 14កំប៉ុង,160​g x 14កំប៉ុង,160​g x 14កំប៉ុង,160​g x 14កំប៉ុង,160​g x 14កំប៉ុង,9556218120609.jpg,standard
9556218120616,នំដំឡូងកំប៉ុងឡុនដុនភីហ្សា,LONDON POTATO CHIPS PIZZA,0008,5,0.77,1.21,1400,,,,កំប៉ុង=1_1.21|កេស=14_17,,,,,,160​g x 14កំប៉ុង,160​g x 14កំប៉ុង,160​g x 14កំប៉ុង,160​g x 14កំប៉ុង,160​g x 14កំប៉ុង,160​g x 14កំប៉ុង,9556218120616.jpg,standard
9556218120623,នំដំឡូងកំប៉ុងឡុនដុនប៊ឺរ,LONDON POTATO CHIPS SOUR CREAM,0008,5,0.77,1.21,1400,,,,កំប៉ុង=1_1.21|កេស=14_17,,,,,,160​g x 14កំប៉ុង,160​g x 14កំប៉ុង,160​g x 14កំប៉ុង,160​g x 14កំប៉ុង,160​g x 14កំប៉ុង,160​g x 14កំប៉ុង,9556218120623.jpg,standard
9556218120630,នំដំឡូងកំប៉ុងឡុនដុនម្ទេស,LONDON POTATO CHIPS HOT&SPICY,0008,5,0.77,1.21,1400,,,,កំប៉ុង=1_1.21|កេស=14_17,,,,,,160​g x 14កំប៉ុង,160​g x 14កំប៉ុង,160​g x 14កំប៉ុង,160​g x 14កំប៉ុង,160​g x 14កំប៉ុង,160​g x 14កំប៉ុង,9556218120630.jpg,standard
9556218120647,នំដំឡូងកំប៉ុងឡុនដុនប៉េងប៉ោះ,LONDON POTATO CHIPS TOMATO,0008,5,0.77,1.21,1400,,,,កំប៉ុង=1_1.21|កេស=14_17,,,,,,160​g x 14កំប៉ុង,160​g x 14កំប៉ុង,160​g x 14កំប៉ុង,160​g x 14កំប៉ុង,160​g x 14កំប៉ុង,160​g x 14កំប៉ុង,9556218120647.jpg,standard
721557357873,នំដំឡូងកំប៉ុងឡុនតុនដំឡូង,LONTTONWF POTATO CHIPS  ORIGINAL,0062,5,0.77,1.21,1400,,,,កំប៉ុង=1_1.21|កេស=14_17,,,,,,150​g x 14កំប៉ុង,150​g x 14កំប៉ុង,150​g x 14កំប៉ុង,150​g x 14កំប៉ុង,150​g x 14កំប៉ុង,150​g x 14កំប៉ុង,721557357873.jpg,standard
721557357880,នំដំឡូងកំប៉ុងឡុនតុនប៊ីប៊ីឃ្យូ,LONTTONWF POTATO CHIPS BBQ,0062,5,0.77,1.21,1400,,,,កំប៉ុង=1_1.21|កេស=14_17,,,,,,150​g x 14កំប៉ុង,150​g x 14កំប៉ុង,150​g x 14កំប៉ុង,150​g x 14កំប៉ុង,150​g x 14កំប៉ុង,150​g x 14កំប៉ុង,721557357880.jpg,standard
721557357896,នំដំឡូងកំប៉ុងឡុនតុន​ម្ទេស,LONTTONWF POTATO CHIPS HOT&SPICY,0062,5,0.77,1.21,1400,,,,កំប៉ុង=1_1.21|កេស=14_17,,,,,,150​g x 14កំប៉ុង,150​g x 14កំប៉ុង,150​g x 14កំប៉ុង,150​g x 14កំប៉ុង,150​g x 14កំប៉ុង,150​g x 14កំប៉ុង,721557357896.jpg,standard
721557357859,នំដំឡូងកំប៉ុងឡុនតុនប៉េងប៉ោះ,LONTTONWF POTATO CHIPS TOMATO,0062,5,0.77,1.21,1400,,,,កំប៉ុង=1_1.21|កេស=14_17,,,,,,150​g x 14កំប៉ុង,150​g x 14កំប៉ុង,150​g x 14កំប៉ុង,150​g x 14កំប៉ុង,150​g x 14កំប៉ុង,150​g x 14កំប៉ុង,721557357859.jpg,standard
9556345347498,នំម៉ាវម៉ាវកំប៉ុងមឹក,MIAOW MIAOW CANISTER CUTTLEFISH,0009,5,0.92,1.25,1200,,,,កំប៉ុង=1_1.25|កេស=12_15,,,,,,90g x 12កំប៉ុង,90g x 12កំប៉ុង,90g x 12កំប៉ុង,90g x 12កំប៉ុង,90g x 12កំប៉ុង,90g x 12កំប៉ុង,9556345347498.jpg,standard
9556345348570,នំម៉ាវម៉ាវកំប៉ុងបង្កងវែង,MIAOW MIAOW CANISTER PRAWN CRACKERS,0009,5,0.92,1.25,1200,,,,កំប៉ុង=1_1.25|កេស=12_15,,,,,,90g x 12កំប៉ុង,90g x 12កំប៉ុង,90g x 12កំប៉ុង,90g x 12កំប៉ុង,90g x 12កំប៉ុង,90g x 12កំប៉ុង,9556345348570.jpg,standard
9556345340062,នំម៉ាវម៉ាវកំប៉ុងភីហ្សា,MIAOW MIAOW CANISTER PIZZA,0009,5,0.92,1.25,1200,,,,កំប៉ុង=1_1.25|កេស=12_15,,,,,,75g x 12កំប៉ុង,75g x 12កំប៉ុង,75g x 12កំប៉ុង,75g x 12កំប៉ុង,75g x 12កំប៉ុង,75g x 12កំប៉ុង,9556345340062.jpg,standard
9556345341014,នំម៉ាវម៉ាវកំប៉ុងមាន់,MIAOW MIAOW CANISTER CHICKERS,0009,5,0.92,1.25,1200,,,,កំប៉ុង=1_1.25|កេស=12_15,,,,,,75g x 12កំប៉ុង,75g x 12កំប៉ុង,75g x 12កំប៉ុង,75g x 12កំប៉ុង,75g x 12កំប៉ុង,75g x 12កំប៉ុង,9556345341014.jpg,standard
9555161009788,នំឃុកឃីប្រអប់កាដូតូច(753g),BUTTER COOKIES GIFT PACK ( 753G ),0063,10,5,7.08,600,,,,យួរ=1_7.08|កេស=6_42.5,,,,,,753g x 6យួរ,753g x 6យួរ,753g x 6យួរ,753g x 6យួរ,753g x 6យួរ,753g x 6យួរ,9555161009788.jpg,standard
9555161008965,នំឃុកឃីប្រអប់កាដូធំ(1052g),BUTTER COOKIES GIFT PACK ( 1052G ),0012,10,6.75,8.08,600,,,,យួរ=1_8.08|កេស=6_48.5,,,,,,1052g x 6យួរ,1052g x 6យួរ,1052g x 6យួរ,1052g x 6យួរ,1052g x 6យួរ,1052g x 6យួរ,9555161008965.jpg,standard
9555701501772,នំឃុកឃីប្រអប់មូលGPR(340g),BUTTER COOKIES ( 340G ),0064,8,1.96,2.42,1200,,,,ធុង=1_2.42|កេស=12_29,,,,,,340g x 12ធុង,340g x 12ធុង,340g x 12ធុង,340g x 12ធុង,340g x 12ធុង,340g x 12ធុង,9555701501772.jpg,standard
9555701501772,នំឃុកឃីប្រអប់មូលGPR(150g),BUTTER COOKIES ( 150G ),0065,8,0.83,1,2400,,,,ធុង=1_1|កេស=24_24,,,,,,150g x 24ធុង,150g x 24ធុង,150g x 24ធុង,150g x 24ធុង,150g x 24ធុង,150g x 24ធុង,9555701501772.jpg,standard
9555311002980,នំធុងជ័រឡុនតុន,LONTTONWF VIANNA ASSORTED BISCUITS,0066,8,3.25,4.5,600,,,,ធុង=1_4.5|កេស=6_27,,,,,,600g x 6 ធុង,600g x 6 ធុង,600g x 6 ធុង,600g x 6 ធុង,600g x 6 ធុង,600g x 6 ធុង,9555311002980.jpg,standard
9555311002799,នំប្រៃកញ្ចប់ធំរសជាតិស្ករ,WF_CAEAM CRACKER,0010,2,0,0,0,,,,កញ្ចប់=1_0.00|កេស=12_0.00,,,,,,430g x 12កញ្ចប់ ,430g x 12កញ្ចប់ ,430g x 12កញ្ចប់ ,430g x 12កញ្ចប់ ,430g x 12កញ្ចប់ ,430g x 12កញ្ចប់ ,9555311002799.jpg,standard
9555011504074,នំប្រៃកញ្ចប់ធំរសជាតិប្រៃ,WF_SUGER CRACKER,0010,2,0,0,0,,,,កញ្ចប់=1_0.00|កេស=12_0.00,,,,,,430g x 12កញ្ចប់,430g x 12កញ្ចប់,430g x 12កញ្ចប់,430g x 12កញ្ចប់,430g x 12កញ្ចប់,430g x 12កញ្ចប់,9555011504074.jpg,standard
9555011504081,នំប្រៃកញ្ចប់តូចរសជាតិស្ករ,MENU SUGAR CRACKERS,0011,2,0,0.53,1200,,,,កញ្ចប់=1_0.53|កេស=24_12.5,,,,,,120g X 24កញ្ចប់,120g X 24កញ្ចប់,120g X 24កញ្ចប់,120g X 24កញ្ចប់,120g X 24កញ្ចប់,120g X 24កញ្ចប់,9555011504081.jpg,standard
9555011504074,នំប្រៃកញ្ចប់តូចរសជាតិប្រៃ,MENU CREAM CRACKERS,0011,2,0,0.53,1200,,,,កញ្ចប់=1_0.53|កេស=24_12.5,,,,,,120g X 24កញ្ចប់,120g X 24កញ្ចប់,120g X 24កញ្ចប់,120g X 24កញ្ចប់,120g X 24កញ្ចប់,120g X 24កញ្ចប់,9555011504074.jpg,standard
9556173390168,នំស្នោរប្រអប់សូកូឡា  ,TIP TOP CHCOLATE,0013,9,1.54,1.8,240,,,,ប្រអប់=1_1.8|កេស=12_18.5,,,,,,168g x 12ប្រអប់,168g x 12ប្រអប់,168g x 12ប្រអប់,168g x 12ប្រអប់,168g x 12ប្រអប់,168g x 12ប្រអប់,9556173390168.jpg,standard
9556173390178,នំស្នោរប្រអប់សូកូឡាដោះគោ  ,TIP TOP DOUBLE CHOCO,0013,9,1.54,1.8,240,,,,ប្រអប់=1_1.8|កេស=12_18.5,,,,,,168g x 12ប្រអប់,168g x 12ប្រអប់,168g x 12ប្រអប់,168g x 12ប្រអប់,168g x 12ប្រអប់,168g x 12ប្រអប់,9556173390178.jpg,standard
9556173390185,នំស្នោរប្រអប់ស្ត្របេរី,TIP TOP STRAWERRY,0013,9,1.54,1.8,240,,,,ប្រអប់=1_1.8|កេស=12_18.5,,,,,,168g x 12ប្រអប់,168g x 12ប្រអប់,168g x 12ប្រអប់,168g x 12ប្រអប់,168g x 12ប្រអប់,168g x 12ប្រអប់,9556173390185.jpg,standard
955617339099,នំស្នោរប្រអប់ទឹកដោះគោ  ,TIP TOP MILK,0013,9,1.54,1.8,240,,,,ប្រអប់=1_1.8|កេស=12_18.5,,,,,,168g x 12ប្រអប់,168g x 12ប្រអប់,168g x 12ប្រអប់,168g x 12ប្រអប់,168g x 12ប្រអប់,168g x 12ប្រអប់,955617339099.jpg,standard
9556923003433,នំចង្កឹះកែវមីឡូ,NINI HAZELNUT DIP STICKS ,0014,7,3.35,3.5,160,,,,ដុំ=1_3.35|កេស=8_28,,,,,,35g x 10កែវ x 8ដុំ,35g x 10កែវ x 8ដុំ,35g x 10កែវ x 8ដុំ,35g x 10កែវ x 8ដុំ,35g x 10កែវ x 8ដុំ,35g x 10កែវ x 8ដុំ,9556923003433.jpg,standard
9556923003426,នំចង្កឹះកែវសូកូឡា,NINI CHOCO DIP STICKS ,0014,7,3.35,3.5,160,,,,ដុំ=1_3.35|កេស=8_28,,,,,,35g x 10កែវ x 8ដុំ,35g x 10កែវ x 8ដុំ,35g x 10កែវ x 8ដុំ,35g x 10កែវ x 8ដុំ,35g x 10កែវ x 8ដុំ,35g x 10កែវ x 8ដុំ,9556923003426.jpg,standard
9556923003075,នំចង្កឹះកែវ​សូកូឡានិងសណ្តែកដី,NINI DIP STICKS 2 IN 1( CHCOCO & PEANUT ),0014,7,3.35,3.5,160,,,,ដុំ=1_3.35|កេស=8_28,,,,,,35g x 10កែវ x 8ដុំ,35g x 10កែវ x 8ដុំ,35g x 10កែវ x 8ដុំ,35g x 10កែវ x 8ដុំ,35g x 10កែវ x 8ដុំ,35g x 10កែវ x 8ដុំ,9556923003075.jpg,standard
9556923003570,នំចង្កឹះកែវទំពាំងបាយជូរ,NINI DIP STICKS BLACKCURRANT,0014,7,3.35,3.5,160,,,,ដុំ=1_3.35|កេស=8_28,,,,,,35g x 10កែវ x 8ដុំ,35g x 10កែវ x 8ដុំ,35g x 10កែវ x 8ដុំ,35g x 10កែវ x 8ដុំ,35g x 10កែវ x 8ដុំ,35g x 10កែវ x 8ដុំ,9556923003570.jpg,standard
9556923003402,នំចង្កឹះកែវ​ទឹកដោះគោ,NINI DIP STICKS MILK,0014,7,3.35,3.5,160,,,,ដុំ=1_3.35|កេស=8_28,,,,,,35g x 10កែវ x 8ដុំ,35g x 10កែវ x 8ដុំ,35g x 10កែវ x 8ដុំ,35g x 10កែវ x 8ដុំ,35g x 10កែវ x 8ដុំ,35g x 10កែវ x 8ដុំ,9556923003402.jpg,standard
9556923000548,នំចង្កឹះកែវ​ស្ត្របេរី,NINI DIP STICKS STRAWERRY,0014,7,3.35,3.5,160,,,,ដុំ=1_3.35|កេស=8_28,,,,,,35g x 10កែវ x 8ដុំ,35g x 10កែវ x 8ដុំ,35g x 10កែវ x 8ដុំ,35g x 10កែវ x 8ដុំ,35g x 10កែវ x 8ដុំ,35g x 10កែវ x 8ដុំ,9556923000548.jpg,standard
9556345280061,នំម៉ាវម៉ាវកញ្ចប់ភីហ្សា,MIAOW PIZZA FLAVOURED SNACKS,0015,10,3.83,4.84,60,,,,យួរ=1_4.84|កេស=6_29,,,,,,50g x 10កញ្ចប់ x 6យួរ,50g x 10កញ្ចប់ x 6យួរ,50g x 10កញ្ចប់ x 6យួរ,50g x 10កញ្ចប់ x 6យួរ,50g x 10កញ្ចប់ x 6យួរ,50g x 10កញ្ចប់ x 6យួរ,9556345280061.jpg,standard
9556345280047,នំម៉ាវម៉ាវកញ្ចប់ប៊ីប៊ីឃ្យូ,MIAOW BBQ,0015,10,3.83,4.84,60,,,,យួរ=1_4.84|កេស=6_29,,,,,,50g x 10កញ្ចប់ x 6យួរ,50g x 10កញ្ចប់ x 6យួរ,50g x 10កញ្ចប់ x 6យួរ,50g x 10កញ្ចប់ x 6យួរ,50g x 10កញ្ចប់ x 6យួរ,50g x 10កញ្ចប់ x 6យួរ,9556345280047.jpg,standard
9556345280016,នំម៉ាវម៉ាវកញ្ចប់សាច់មាន់,MIAOW CHICKEN CRACKERS,0015,10,3.83,4.84,60,,,,យួរ=1_4.84|កេស=6_29,,,,,,50g x 10កញ្ចប់ x 6យួរ,50g x 10កញ្ចប់ x 6យួរ,50g x 10កញ្ចប់ x 6យួរ,50g x 10កញ្ចប់ x 6យួរ,50g x 10កញ្ចប់ x 6យួរ,50g x 10កញ្ចប់ x 6យួរ,9556345280016.jpg,standard
9556345007491,នំម៉ាវម៉ាវកញ្ចប់មឹក,MIAOW CUTTLEFISH CRACKERS          ,0015,10,3.83,4.84,60,,,,យួរ=1_4.84|កេស=6_29,,,,,,50g x 10កញ្ចប់ x 6យួរ,50g x 10កញ្ចប់ x 6យួរ,50g x 10កញ្ចប់ x 6យួរ,50g x 10កញ្ចប់ x 6យួរ,50g x 10កញ្ចប់ x 6យួរ,50g x 10កញ្ចប់ x 6យួរ,9556345007491.jpg,standard
9556345007484,នំម៉ាវម៉ាវកញ្ចប់ដំឡូង,MIAOW POTATO CHIPS,0015,10,3.83,4.84,60,,,,យួរ=1_4.84|កេស=6_29,,,,,,50g x 10កញ្ចប់ x 6យួរ,50g x 10កញ្ចប់ x 6យួរ,50g x 10កញ្ចប់ x 6យួរ,50g x 10កញ្ចប់ x 6យួរ,50g x 10កញ្ចប់ x 6យួរ,50g x 10កញ្ចប់ x 6យួរ,9556345007484.jpg,standard
9556345280078,នំម៉ាវម៉ាវកញ្ចប់ម្ទេស,MIAOW HOT & SPICY ,0015,10,3.83,4.84,60,,,,យួរ=1_4.84|កេស=6_29,,,,,,50g x 10កញ្ចប់ x 6យួរ,50g x 10កញ្ចប់ x 6យួរ,50g x 10កញ្ចប់ x 6យួរ,50g x 10កញ្ចប់ x 6យួរ,50g x 10កញ្ចប់ x 6យួរ,50g x 10កញ្ចប់ x 6យួរ,9556345280078.jpg,standard
9556345018312,នំម៉ាវម៉ាវកញ្ចប់ឈីស,MIAOW CHEESE RINGS,0015,10,3.83,4.84,60,,,,យួរ=1_4.84|កេស=6_29,,,,,,50g x 10កញ្ចប់ x 6យួរ,50g x 10កញ្ចប់ x 6យួរ,50g x 10កញ្ចប់ x 6យួរ,50g x 10កញ្ចប់ x 6យួរ,50g x 10កញ្ចប់ x 6យួរ,50g x 10កញ្ចប់ x 6យួរ,9556345018312.jpg,standard
9556345007477,នំម៉ាវម៉ាវកញ្ចប់សណ្ដែកខៀវ,MIAOW GREEN PEAS,0015,10,3.83,4.84,60,,,,យួរ=1_4.84|កេស=6_29,,,,,,50g x 10កញ្ចប់ x 6យួរ,50g x 10កញ្ចប់ x 6យួរ,50g x 10កញ្ចប់ x 6យួរ,50g x 10កញ្ចប់ x 6យួរ,50g x 10កញ្ចប់ x 6យួរ,50g x 10កញ្ចប់ x 6យួរ,9556345007477.jpg,standard
9556345008573,នំម៉ាវម៉ាវកញ្ចប់បង្កង2,MIAOW PRAWN CRACKERS,0015,10,3.83,4.84,60,,,,យួរ=1_4.84|កេស=6_29,,,,,,50g x 10កញ្ចប់ x 6យួរ,50g x 10កញ្ចប់ x 6យួរ,50g x 10កញ្ចប់ x 6យួរ,50g x 10កញ្ចប់ x 6យួរ,50g x 10កញ្ចប់ x 6យួរ,50g x 10កញ្ចប់ x 6យួរ,9556345008573.jpg,standard
9556345011368,នំម៉ាវម៉ាវកញ្ចប់បង្កង1,MIAOW PRAWN CHIPS,0015,10,3.83,4.84,60,,,,យួរ=1_4.84|កេស=6_29,,,,,,50g x 10កញ្ចប់ x 6យួរ,50g x 10កញ្ចប់ x 6យួរ,50g x 10កញ្ចប់ x 6យួរ,50g x 10កញ្ចប់ x 6យួរ,50g x 10កញ្ចប់ x 6យួរ,50g x 10កញ្ចប់ x 6យួរ,9556345011368.jpg,standard
9556345280122,នំម៉ាវម៉ាវកញ្ចប់ខ្ទឹម,MIAOW MIAOW ONION RINGS,0015,10,3.83,4.84,60,,,,យួរ=1_4.84|កេស=6_29,,,,,,50g x 10កញ្ចប់ x 6យួរ,50g x 10កញ្ចប់ x 6យួរ,50g x 10កញ្ចប់ x 6យួរ,50g x 10កញ្ចប់ x 6យួរ,50g x 10កញ្ចប់ x 6យួរ,50g x 10កញ្ចប់ x 6យួរ,9556345280122.jpg,standard
9556345282089,នំម៉ាវម៉ាវកញ្ចប់ត្រីបី(Anchory),MIAOW MIAOW ANCHORY FLOW,0015,10,3.83,4.84,60,,,,យួរ=1_4.84|កេស=6_29,,,,,,50g x 10កញ្ចប់ x 6យួរ,50g x 10កញ្ចប់ x 6យួរ,50g x 10កញ្ចប់ x 6យួរ,50g x 10កញ្ចប់ x 6យួរ,50g x 10កញ្ចប់ x 6យួរ,50g x 10កញ្ចប់ x 6យួរ,9556345282089.jpg,standard
9556345011382,នំម៉ាវម៉ាវកញ្ចប់ត្រី,MIAOW MIAOW FISH CRACKERS,0015,10,3.83,4.84,60,,,,យួរ=1_4.84|កេស=6_29,,,,,,50g x 10កញ្ចប់ x 6យួរ,50g x 10កញ្ចប់ x 6យួរ,50g x 10កញ្ចប់ x 6យួរ,50g x 10កញ្ចប់ x 6យួរ,50g x 10កញ្ចប់ x 6យួរ,50g x 10កញ្ចប់ x 6យួរ,9556345011382.jpg,standard
9556345280108,នំម៉ាវម៉ាវកញ្ចប់បង្កងម្ទេស,MIAOW HOT & SPICY PRAWN CRACKERS,0015,10,3.83,4.84,60,,,,យួរ=1_4.84|កេស=6_29,,,,,,50g x 10កញ្ចប់ x 6យួរ,50g x 10កញ្ចប់ x 6យួរ,50g x 10កញ្ចប់ x 6យួរ,50g x 10កញ្ចប់ x 6យួរ,50g x 10កញ្ចប់ x 6យួរ,50g x 10កញ្ចប់ x 6យួរ,9556345280108.jpg,standard
721557371060,នំកន្ទុំរុយកញ្ចប់ធំមឹក,DF CUTTLE CUTTLEFISH​ CRACKERS,0016,2,1.13,1.5,360,,,,កញ្ចប់=1_1.5|កេស=12_18,,,,,,230g x 12កញ្ចប់,230g x 12កញ្ចប់,230g x 12កញ្ចប់,230g x 12កញ្ចប់,230g x 12កញ្ចប់,230g x 12កញ្ចប់,721557371060.jpg,standard
721557371008,នំកន្ទុំរុយកញ្ចប់ធំបង្កងវែង,DF CUTTLE SHRIMPS CHIPS,0016,2,1.13,1.5,360,,,,កញ្ចប់=1_1.5|កេស=12_18,,,,,,210g x 12កញ្ចប់,210g x 12កញ្ចប់,210g x 12កញ្ចប់,210g x 12កញ្ចប់,210g x 12កញ្ចប់,210g x 12កញ្ចប់,721557371008.jpg,standard
721557371015,នំកន្ទុំរុយកញ្ចប់ធំបង្កងម្ទេស ,DF CUTTLE HOT &  SPICY SHRIMP CHIPS,0016,2,1.13,1.5,360,,,,កញ្ចប់=1_1.5|កេស=12_18,,,,,,210g x 12កញ្ចប់,210g x 12កញ្ចប់,210g x 12កញ្ចប់,210g x 12កញ្ចប់,210g x 12កញ្ចប់,210g x 12កញ្ចប់,721557371015.jpg,standard
721557371022,នំកន្ទុំរុយកញ្ចប់ធំបង្កងមូល(ស្រាល),DF CUTTLE PRAWN CHIPS,0016,2,1.13,1.5,360,,,,កញ្ចប់=1_1.5|កេស=12_18,,,,,,100g x 12កញ្ចប់,100g x 12កញ្ចប់,100g x 12កញ្ចប់,100g x 12កញ្ចប់,100g x 12កញ្ចប់,100g x 12កញ្ចប់,721557371022.jpg,standard
721557371077,នំកន្ទុំរុយកញ្ចប់ធំមឹកម្ទេស,DF CUTTLE CUTTLEFISH​ CRACKERS HOT &  SPICY ,0016,2,1.13,1.5,360,,,,កញ្ចប់=1_1.5|កេស=12_18,,,,,,230g x 12កញ្ចប់,230g x 12កញ្ចប់,230g x 12កញ្ចប់,230g x 12កញ្ចប់,230g x 12កញ្ចប់,230g x 12កញ្ចប់,721557371077.jpg,standard
721557371084,នំកន្ទុំរុយកញ្ចប់ធំមាន់ម្ទេស,DF CUTTLE ​ CHICKEN CRACKERS HOT &  SPICY ,0016,2,1.13,1.5,360,,,,កញ្ចប់=1_1.5|កេស=12_18,,,,,,160g x 12កញ្ចប់,160g x 12កញ្ចប់,160g x 12កញ្ចប់,160g x 12កញ្ចប់,160g x 12កញ្ចប់,160g x 12កញ្ចប់,721557371084.jpg,standard
721557362037,នំហេឡូប៊ីប៊ីកញ្ចប់ធំ,HELLO BEE BEE SNOW CRACKER,0061,2,1.31,1.9,160,,,,កញ្ចប់=1_1.9|កេស=8_15,,,,,,500g x 8កញ្ចប់,500g x 8កញ្ចប់,500g x 8កញ្ចប់,500g x 8កញ្ចប់,500g x 8កញ្ចប់,500g x 8កញ្ចប់,721557362037.jpg,standard
9556218120722,នំទឹកដោះគោស្រូវសាឡី ,LONDON OAT BAR,0017,2,1.8,2.15,1200,,,,កញ្ចប់=1_2.15|កេស=24_51.50,,,,,,300​g x 24កញ្ចប់,300​g x 24កញ្ចប់,300​g x 24កញ្ចប់,300​g x 24កញ្ចប់,300​g x 24កញ្ចប់,300​g x 24កញ្ចប់,9556218120722.jpg,standard
9555311007374,នំរូបដាណូស័រកញ្ចប់ធំទឹកដោះគោ,DINO BITES FILLED BISCUITS MILK,0018,2,0,0,0,,,,កញ្ចប់=1_0|កេស=12_0,,,,,,200g x 12កញ្ចប់,200g x 12កញ្ចប់,200g x 12កញ្ចប់,200g x 12កញ្ចប់,200g x 12កញ្ចប់,200g x 12កញ្ចប់,9555311007374.jpg,standard
9555311007367,នំរូបដាណូស័រកញ្ចប់ធំសុកូឡា,DINO BITES FILLED BISCUITS CHOCOLATE,0018,2,0,0,0,,,,កញ្ចប់=1_0|កេស=12_0,,,,,,200g x 12កញ្ចប់,200g x 12កញ្ចប់,200g x 12កញ្ចប់,200g x 12កញ្ចប់,200g x 12កញ្ចប់,200g x 12កញ្ចប់,9555311007367.jpg,standard
9555311007398,នំរូបដាណូស័រកញ្ចប់ធំស្ត្របឺរី,DINO BITES FILLED BISCUITS STRAWBERRY,0018,2,0,0,0,,,,កញ្ចប់=1_0|កេស=12_0,,,,,,200g x 12កញ្ចប់,200g x 12កញ្ចប់,200g x 12កញ្ចប់,200g x 12កញ្ចប់,200g x 12កញ្ចប់,200g x 12កញ្ចប់,9555311007398.jpg,standard
9555311007411,នំរូបដាណូស័រកញ្ចប់តូចទឹកដោះគោ,DINO BITES FILLED BISCUITS - MILK,0019,2,1.2,1.5,360,,,,កញ្ចប់=1_1.5|កេស=12_18,,,,,,120g x 12កញ្ចប់,120g x 12កញ្ចប់,120g x 12កញ្ចប់,120g x 12កញ្ចប់,120g x 12កញ្ចប់,120g x 12កញ្ចប់,9555311007411.jpg,standard
9555311007404,នំរូបដាណូស័រកញ្ចប់តូចសុកូឡា,DINO BITES FILLED BISCUITS - CHOCOLATE,0019,2,1.2,1.5,360,,,,កញ្ចប់=1_1.5|កេស=12_18,,,,,,120g x 12កញ្ចប់,120g x 12កញ្ចប់,120g x 12កញ្ចប់,120g x 12កញ្ចប់,120g x 12កញ្ចប់,120g x 12កញ្ចប់,9555311007404.jpg,standard
9555311007435,នំរូបដាណូស័រកញ្ចប់តូចស្ត្របឺរី,DINO BITES FILLED BISCUITS - STRAWBERRY,0019,2,1.2,1.5,360,,,,កញ្ចប់=1_1.5|កេស=12_18,,,,,,120g x 12កញ្ចប់,120g x 12កញ្ចប់,120g x 12កញ្ចប់,120g x 12កញ្ចប់,120g x 12កញ្ចប់,120g x 12កញ្ចប់,9555311007435.jpg,standard
9328121042978,នំចង្កើះប្រអប់សុកូឡាវ៉ានីឡា,BINKY BITES - CHOCO & VANILLA,0020,9,2,2.32,240,,,,ប្រអប់=1_2.32|កេស=8_18.5,,,,,,30g x 6កែវ x 8ប្រអប់,30g x 6កែវ x 8ប្រអប់,30g x 6កែវ x 8ប្រអប់,30g x 6កែវ x 8ប្រអប់,30g x 6កែវ x 8ប្រអប់,30g x 6កែវ x 8ប្រអប់,9328121042978.jpg,standard
9328121043005,នំចង្កើះប្រអប់សុកូឡាក្រូច,BINKY BITES - CHOCO & ORANGE,0020,9,2,2.32,240,,,,ប្រអប់=1_2.32|កេស=8_18.5,,,,,,30g x 6កែវ x 8ប្រអប់,30g x 6កែវ x 8ប្រអប់,30g x 6កែវ x 8ប្រអប់,30g x 6កែវ x 8ប្រអប់,30g x 6កែវ x 8ប្រអប់,30g x 6កែវ x 8ប្រអប់,9328121043005.jpg,standard
9328121041858,នំរូបខ្លាឃ្មុំប្រអប់រូបខ្លាឃ្មុំ,BINKY BITES TEDDY BEARS,0021,9,1.6,1.88,480,,,,ប្រអប់=1_1.88|កេស=12_22.5,,,,,,16g x 10កញ្ចប់ x 12ប្រអប់,16g x 10កញ្ចប់ x 12ប្រអប់,16g x 10កញ្ចប់ x 12ប្រអប់,16g x 10កញ្ចប់ x 12ប្រអប់,16g x 10កញ្ចប់ x 12ប្រអប់,16g x 10កញ្ចប់ x 12ប្រអប់,9328121041858.jpg,standard
9328121041636,នំរូបខ្លាឃ្មុំប្រអប់រូបស្គូពីដូរ,BINKY BITES SCOOBY DOO,0021,9,1.6,1.88,480,,,,ប្រអប់=1_1.88|កេស=12_22.5,,,,,,16g x 10កញ្ចប់ x 12ប្រអប់,16g x 10កញ្ចប់ x 12ប្រអប់,16g x 10កញ្ចប់ x 12ប្រអប់,16g x 10កញ្ចប់ x 12ប្រអប់,16g x 10កញ្ចប់ x 12ប្រអប់,16g x 10កញ្ចប់ x 12ប្រអប់,9328121041636.jpg,standard
9328121041643,នំរូបខ្លាឃ្មុំប្រអប់រូបឈីស,BINKY BITES SPONGE BOB,0021,9,1.6,1.88,480,,,,ប្រអប់=1_1.88|កេស=12_22.5,,,,,,16g x 10កញ្ចប់ x 12ប្រអប់,16g x 10កញ្ចប់ x 12ប្រអប់,16g x 10កញ្ចប់ x 12ប្រអប់,16g x 10កញ្ចប់ x 12ប្រអប់,16g x 10កញ្ចប់ x 12ប្រអប់,16g x 10កញ្ចប់ x 12ប្រអប់,9328121041643.jpg,standard
9556173485201,នំស្នោរកញ្ចប់ទឹកដោះគោ,LONDON WAFER CUBE MILK,0022,2,0.75,0.96,720,,,,កញ្ចប់=1_0.96|កេស=24_23,,,,,,150g x 24កញ្ចប់,150g x 24កញ្ចប់,150g x 24កញ្ចប់,150g x 24កញ្ចប់,150g x 24កញ្ចប់,150g x 24កញ្ចប់,9556173485201.jpg,standard
9556173485218,នំស្នោរកញ្ចប់ហេសិនណាត,LONDON WAFER CUBE HAZELNUT,0022,2,0.75,0.96,720,,,,កញ្ចប់=1_0.96|កេស=24_23,,,,,,150g x 24កញ្ចប់,150g x 24កញ្ចប់,150g x 24កញ្ចប់,150g x 24កញ្ចប់,150g x 24កញ្ចប់,150g x 24កញ្ចប់,9556173485218.jpg,standard
9556173485225,នំស្នោរកញ្ចប់សុកូឡា,LONDON WAFER CUBE CHOCOLATE,0022,2,0.75,0.96,720,,,,កញ្ចប់=1_0.96|កេស=24_23,,,,,,150g x 24កញ្ចប់,150g x 24កញ្ចប់,150g x 24កញ្ចប់,150g x 24កញ្ចប់,150g x 24កញ្ចប់,150g x 24កញ្ចប់,9556173485225.jpg,standard
9555311002720,នំរ៉ូយ៉ាល់ប្រអប់ឈីស,ROYAX CHEESE CALCIUM CRACKERS,0023,9,0.65,0.8,720,,,,កញ្ចប់=1_0.8|កេស=24_19,,,,,,150g x 24ប្រអប់,150g x 24ប្រអប់,150g x 24ប្រអប់,150g x 24ប្រអប់,150g x 24ប្រអប់,150g x 24ប្រអប់,9555311002720.jpg,standard
9555311002713,នំរ៉ូយ៉ាល់ប្រអប់សុកូឡា,ROYAX CHOCOLATE CALIUM CRACKERS,0023,9,0.65,0.8,720,,,,កញ្ចប់=1_0.8|កេស=24_19,,,,,,150g x 24ប្រអប់,150g x 24ប្រអប់,150g x 24ប្រអប់,150g x 24ប្រអប់,150g x 24ប្រអប់,150g x 24ប្រអប់,9555311002713.jpg,standard
9555311002744,នំរ៉ូយ៉ាល់កញ្ចប់សូកូឡា,ROYAX CHOCOLATE CALCIUM CRACKERS,0024,2,0.98,1.42,360,,,,កញ្ចប់=1_1.42|កេស=12_17,,,,,,225g x 12កញ្ចប់,225g x 12កញ្ចប់,225g x 12កញ្ចប់,225g x 12កញ្ចប់,225g x 12កញ្ចប់,225g x 12កញ្ចប់,9555311002744.jpg,standard
9555311002751,នំរ៉ូយ៉ាល់កញ្ចប់​ឈីស,ROYAX CHEESE CALCIUM CRACKERS,0024,2,0.98,1.42,360,,,,កញ្ចប់=1_1.42|កេស=12_17,,,,,,225g x 12កញ្ចប់,225g x 12កញ្ចប់,225g x 12កញ្ចប់,225g x 12កញ្ចប់,225g x 12កញ្ចប់,225g x 12កញ្ចប់,9555311002751.jpg,standard
9555798802110,នំដំឡូងកញ្ចប់ប្រៃ,POTATO STICK SALTED,0025,2,3.6,4.3,360,,,,កញ្ចប់=1_4.3|កេស=12_21.5,,,,,,16gm x 16កញ្ចប់ x 5កញ្ចប់,16gm x 16កញ្ចប់ x 5កញ្ចប់,16gm x 16កញ្ចប់ x 5កញ្ចប់,16gm x 16កញ្ចប់ x 5កញ្ចប់,16gm x 16កញ្ចប់ x 5កញ្ចប់,16gm x 16កញ្ចប់ x 5កញ្ចប់,9555798802110.jpg,standard
9555798802134,នំដំឡូងកញ្ចប់ម្ទេស ,POTATO STICK HOT & SPICY,0025,2,3.6,4.3,360,,,,កញ្ចប់=1_4.3|កេស=12_21.5,,,,,,16gm x 16កញ្ចប់ x 5កញ្ចប់,16gm x 16កញ្ចប់ x 5កញ្ចប់,16gm x 16កញ្ចប់ x 5កញ្ចប់,16gm x 16កញ្ចប់ x 5កញ្ចប់,16gm x 16កញ្ចប់ x 5កញ្ចប់,16gm x 16កញ្ចប់ x 5កញ្ចប់,9555798802134.jpg,standard
9555798802127,នំដំឡូងកញ្ចប់ប៊ីរទឹកឃ្មុំ,POTATO STICK HONEY BUTTER,0025,2,3.6,4.3,360,,,,កញ្ចប់=1_4.3|កេស=12_21.5,,,,,,16gm x 16កញ្ចប់ x 5កញ្ចប់,16gm x 16កញ្ចប់ x 5កញ្ចប់,16gm x 16កញ្ចប់ x 5កញ្ចប់,16gm x 16កញ្ចប់ x 5កញ្ចប់,16gm x 16កញ្ចប់ x 5កញ្ចប់,16gm x 16កញ្ចប់ x 5កញ្ចប់,9555798802127.jpg,standard
721557362068,នំហេឡូប៊ីប៊ីកញ្ចប់តូចដូង,HELLO BEE BEE SNOW COCOUNT CRACKER,0026,2,0.53,0.68,600,,,,កញ្ចប់=1_0.68|កេស=20_13.5,,,,,,150g x 20កញ្ចប់,150g x 20កញ្ចប់,150g x 20កញ្ចប់,150g x 20កញ្ចប់,150g x 20កញ្ចប់,150g x 20កញ្ចប់,721557362068.jpg,standard
9556218126847,នំពងទារមូលដូង,LONDON ROLL COCONUT,0027,11,1.7,2.09,480,,,,សុង=1_2.09|កេស=12_25,,,,,,18g x 24កញ្ចប់ x 12សុង,18g x 24កញ្ចប់ x 12សុង,18g x 24កញ្ចប់ x 12សុង,18g x 24កញ្ចប់ x 12សុង,18g x 24កញ្ចប់ x 12សុង,18g x 24កញ្ចប់ x 12សុង,9556218126847.jpg,standard
9556218126854,នំពងទារមូលទំពាំងបាយជូរ,LONDON ROLL BLUEBERRY,0027,11,1.7,2.09,480,,,,សុង=1_2.09|កេស=12_25,,,,,,18g x 24កញ្ចប់ x 12សុង,18g x 24កញ្ចប់ x 12សុង,18g x 24កញ្ចប់ x 12សុង,18g x 24កញ្ចប់ x 12សុង,18g x 24កញ្ចប់ x 12សុង,18g x 24កញ្ចប់ x 12សុង,9556218126854.jpg,standard
9556218126892,នំពងទា​រមូលទឹកដោះគោ,LONDON ROLL MILK,0027,11,1.7,2.09,480,,,,សុង=1_2.09|កេស=12_25,,,,,,18g x 24កញ្ចប់ x 12សុង,18g x 24កញ្ចប់ x 12សុង,18g x 24កញ្ចប់ x 12សុង,18g x 24កញ្ចប់ x 12សុង,18g x 24កញ្ចប់ x 12សុង,18g x 24កញ្ចប់ x 12សុង,9556218126892.jpg,standard
9556218126830,នំពងទារមូលស្ត្របេរី,LONDON ROLL STRAWBERRY,0027,11,1.7,2.09,480,,,,សុង=1_2.09|កេស=12_25,,,,,,18g x 24កញ្ចប់ x 12សុង,18g x 24កញ្ចប់ x 12សុង,18g x 24កញ្ចប់ x 12សុង,18g x 24កញ្ចប់ x 12សុង,18g x 24កញ្ចប់ x 12សុង,18g x 24កញ្ចប់ x 12សុង,9556218126830.jpg,standard
9556218126816,នំពងទារមូលវ៉ានីឡា,LONDON ROLL VANILLA,0027,11,1.7,2.09,480,,,,សុង=1_2.09|កេស=12_25,,,,,,18g x 24កញ្ចប់ x 12សុង,18g x 24កញ្ចប់ x 12សុង,18g x 24កញ្ចប់ x 12សុង,18g x 24កញ្ចប់ x 12សុង,18g x 24កញ្ចប់ x 12សុង,18g x 24កញ្ចប់ x 12សុង,9556218126816.jpg,standard
9556218126823,នំពងទារមូលសូកូឡា,LONDON ROLL CHOCOLATE,0027,11,1.7,2.09,480,,,,សុង=1_2.09|កេស=12_25,,,,,,18g x 24កញ្ចប់ x 12សុង,18g x 24កញ្ចប់ x 12សុង,18g x 24កញ្ចប់ x 12សុង,18g x 24កញ្ចប់ x 12សុង,18g x 24កញ្ចប់ x 12សុង,18g x 24កញ្ចប់ x 12សុង,9556218126823.jpg,standard
9556218126861,នំពងទារមូលកាហ្វេទឹកដោះគោ,LONDON ROLL TIRAMISU,0027,11,1.7,2.09,480,,,,សុង=1_2.09|កេស=12_25,,,,,,18g x 24កញ្ចប់ x 12សុង,18g x 24កញ្ចប់ x 12សុង,18g x 24កញ្ចប់ x 12សុង,18g x 24កញ្ចប់ x 12សុង,18g x 24កញ្ចប់ x 12សុង,18g x 24កញ្ចប់ x 12សុង,9556218126861.jpg,standard
9556218126441,នំពងទា​រមូលប្រអប់តូចដូង,LONDON ROLL COCONUT,0028,9,0.63,0.9,480,,,,ប្រអប់=1_0.9|កេស=24_21.5,,,,,,​ 20g x 6កញ្ចប់ x 24ប្រអប់​ ,​ 20g x 6កញ្ចប់ x 24ប្រអប់​ ,​ 20g x 6កញ្ចប់ x 24ប្រអប់​ ,​ 20g x 6កញ្ចប់ x 24ប្រអប់​ ,​ 20g x 6កញ្ចប់ x 24ប្រអប់​ ,​ 20g x 6កញ្ចប់ x 24ប្រអប់​ ,9556218126441.jpg,standard
9556218126700,នំពងទា​រមូលប្រអប់តូចស្ត្របេរី,LONDON ROLL STRAWBERRY,0028,9,0.63,0.9,480,,,,ប្រអប់=1_0.9|កេស=24_21.5,,,,,,​ 20g x 6កញ្ចប់ x 24ប្រអប់​ ,​ 20g x 6កញ្ចប់ x 24ប្រអប់​ ,​ 20g x 6កញ្ចប់ x 24ប្រអប់​ ,​ 20g x 6កញ្ចប់ x 24ប្រអប់​ ,​ 20g x 6កញ្ចប់ x 24ប្រអប់​ ,​ 20g x 6កញ្ចប់ x 24ប្រអប់​ ,9556218126700.jpg,standard
9556218126694,នំពងទា​រមូលប្រអប់តូចវ៉ានីឡា,LONDON ROLL VANILLA,0028,9,0.63,0.9,480,,,,ប្រអប់=1_0.9|កេស=24_21.5,,,,,,​ 20g x 6កញ្ចប់ x 24ប្រអប់​ ,​ 20g x 6កញ្ចប់ x 24ប្រអប់​ ,​ 20g x 6កញ្ចប់ x 24ប្រអប់​ ,​ 20g x 6កញ្ចប់ x 24ប្រអប់​ ,​ 20g x 6កញ្ចប់ x 24ប្រអប់​ ,​ 20g x 6កញ្ចប់ x 24ប្រអប់​ ,9556218126694.jpg,standard
9556218126458,នំពងទា​រមូលប្រអប់តូចសូកូឡា,LONDON ROLL CHOCOLATE,0028,9,0.63,0.9,480,,,,ប្រអប់=1_0.9|កេស=24_21.5,,,,,,​ 20g x 6កញ្ចប់ x 24ប្រអប់​ ,​ 20g x 6កញ្ចប់ x 24ប្រអប់​ ,​ 20g x 6កញ្ចប់ x 24ប្រអប់​ ,​ 20g x 6កញ្ចប់ x 24ប្រអប់​ ,​ 20g x 6កញ្ចប់ x 24ប្រអប់​ ,​ 20g x 6កញ្ចប់ x 24ប្រអប់​ ,9556218126458.jpg,standard
9556218126434,នំពងទា​រមូលប្រអប់តូចឈីស,LONDON ROLL CHEESE,0028,9,0.63,0.9,480,,,,ប្រអប់=1_0.9|កេស=24_21.5,,,,,,​ 20g x 6កញ្ចប់ x 24ប្រអប់​ ,​ 20g x 6កញ្ចប់ x 24ប្រអប់​ ,​ 20g x 6កញ្ចប់ x 24ប្រអប់​ ,​ 20g x 6កញ្ចប់ x 24ប្រអប់​ ,​ 20g x 6កញ្ចប់ x 24ប្រអប់​ ,​ 20g x 6កញ្ចប់ x 24ប្រអប់​ ,9556218126434.jpg,standard
9556218128773,នំពងទា​រមូលប្រអប់ធំដូង,LONDON ROLL COCONUT,0029,9,1.17,1.8,240,,,,ប្រអប់=1_1.8|កេស=12_21.5,,,,,, 20g x 12កញ្ចប់ x 12ប្រអប់, 20g x 12កញ្ចប់ x 12ប្រអប់, 20g x 12កញ្ចប់ x 12ប្រអប់, 20g x 12កញ្ចប់ x 12ប្រអប់, 20g x 12កញ្ចប់ x 12ប្រអប់, 20g x 12កញ្ចប់ x 12ប្រអប់,9556218128773.jpg,standard
9556218127578,នំពងទា​រមូលប្រអប់ធំស្ត្របេរី,LONDON ROLL STRAWBERRY,0029,9,1.17,1.8,240,,,,ប្រអប់=1_1.8|កេស=12_21.5,,,,,, 20g x 12កញ្ចប់ x 12ប្រអប់, 20g x 12កញ្ចប់ x 12ប្រអប់, 20g x 12កញ្ចប់ x 12ប្រអប់, 20g x 12កញ្ចប់ x 12ប្រអប់, 20g x 12កញ្ចប់ x 12ប្រអប់, 20g x 12កញ្ចប់ x 12ប្រអប់,9556218127578.jpg,standard
9556218128780,នំពងទា​រមូលប្រអប់ធំវ៉ានីឡា,LONDON ROLL VANILLA,0029,9,1.17,1.8,240,,,,ប្រអប់=1_1.8|កេស=12_21.5,,,,,, 20g x 12កញ្ចប់ x 12ប្រអប់, 20g x 12កញ្ចប់ x 12ប្រអប់, 20g x 12កញ្ចប់ x 12ប្រអប់, 20g x 12កញ្ចប់ x 12ប្រអប់, 20g x 12កញ្ចប់ x 12ប្រអប់, 20g x 12កញ្ចប់ x 12ប្រអប់,9556218128780.jpg,standard
9556218127554,នំពងទា​រមូលប្រអប់ធំសូកូឡា,LONDON ROLL CHOCOLATE,0029,9,1.17,1.8,240,,,,ប្រអប់=1_1.8|កេស=12_21.5,,,,,, 20g x 12កញ្ចប់ x 12ប្រអប់, 20g x 12កញ្ចប់ x 12ប្រអប់, 20g x 12កញ្ចប់ x 12ប្រអប់, 20g x 12កញ្ចប់ x 12ប្រអប់, 20g x 12កញ្ចប់ x 12ប្រអប់, 20g x 12កញ្ចប់ x 12ប្រអប់,9556218127554.jpg,standard
9556218128766,នំពងទា​រមូលប្រអប់ធំឈីស,LONDON ROLL CHEESE,0029,9,1.17,1.8,240,,,,ប្រអប់=1_1.8|កេស=12_21.5,,,,,, 20g x 12កញ្ចប់ x 12ប្រអប់, 20g x 12កញ្ចប់ x 12ប្រអប់, 20g x 12កញ្ចប់ x 12ប្រអប់, 20g x 12កញ្ចប់ x 12ប្រអប់, 20g x 12កញ្ចប់ x 12ប្រអប់, 20g x 12កញ្ចប់ x 12ប្រអប់,9556218128766.jpg,standard
9556055663550,នំពងទាចានដូង,LONDON PIE COCONUT,0030,11,1.5,1.8,480,,,,សុង=1_1.8|កេស=12_21.5,,,,,,18g x 24កញ្ចប់ x 12សុង,18g x 24កញ្ចប់ x 12សុង,18g x 24កញ្ចប់ x 12សុង,18g x 24កញ្ចប់ x 12សុង,18g x 24កញ្ចប់ x 12សុង,18g x 24កញ្ចប់ x 12សុង,9556055663550.jpg,standard
9556055663239,នំពងទាចានស្ត្របេរី,LONDON PIE STRAWERRY,0030,11,1.5,1.8,480,,,,សុង=1_1.8|កេស=12_21.5,,,,,,18g x 24កញ្ចប់ x 12សុង,18g x 24កញ្ចប់ x 12សុង,18g x 24កញ្ចប់ x 12សុង,18g x 24កញ្ចប់ x 12សុង,18g x 24កញ្ចប់ x 12សុង,18g x 24កញ្ចប់ x 12សុង,9556055663239.jpg,standard
9556055663536,នំពងទាចានព្រិល,LONDON PIE SNOW ,0030,11,1.5,1.8,480,,,,សុង=1_1.8|កេស=12_21.5,,,,,,18g x 24កញ្ចប់ x 12សុង,18g x 24កញ្ចប់ x 12សុង,18g x 24កញ្ចប់ x 12សុង,18g x 24កញ្ចប់ x 12សុង,18g x 24កញ្ចប់ x 12សុង,18g x 24កញ្ចប់ x 12សុង,9556055663536.jpg,standard
9556055663338,នំពងទាចានទំពាំងបាយជូរ,LONDON PIE BLACKCURRANT,0030,11,1.5,1.8,480,,,,សុង=1_1.8|កេស=12_21.5,,,,,,18g x 24កញ្ចប់ x 12សុង,18g x 24កញ្ចប់ x 12សុង,18g x 24កញ្ចប់ x 12សុង,18g x 24កញ្ចប់ x 12សុង,18g x 24កញ្ចប់ x 12សុង,18g x 24កញ្ចប់ x 12សុង,9556055663338.jpg,standard
955621812110,នំពងទាចានកាហ្វេទឹកដោះគោ,LONDON PIE TIRAMISU,0030,11,1.5,1.8,480,,,,សុង=1_1.8|កេស=12_21.5,,,,,,18g x 24កញ្ចប់ x 12សុង,18g x 24កញ្ចប់ x 12សុង,18g x 24កញ្ចប់ x 12សុង,18g x 24កញ្ចប់ x 12សុង,18g x 24កញ្ចប់ x 12សុង,18g x 24កញ្ចប់ x 12សុង,955621812110.jpg,standard
9556055663437,នំពងទាចានពង់មាន់,LONDON PIE CUSTARD,0030,11,1.5,1.8,480,,,,សុង=1_1.8|កេស=12_21.5,,,,,,18g x 24កញ្ចប់ x 12សុង,18g x 24កញ្ចប់ x 12សុង,18g x 24កញ្ចប់ x 12សុង,18g x 24កញ្ចប់ x 12សុង,18g x 24កញ្ចប់ x 12សុង,18g x 24កញ្ចប់ x 12សុង,9556055663437.jpg,standard
9556218121521,នំពងទាចានទឹកដោះគោ,LONDON PIE MILK,0030,11,1.5,1.8,480,,,,សុង=1_1.8|កេស=12_21.5,,,,,,18g x 24កញ្ចប់ x 12សុង,18g x 24កញ្ចប់ x 12សុង,18g x 24កញ្ចប់ x 12សុង,18g x 24កញ្ចប់ x 12សុង,18g x 24កញ្ចប់ x 12សុង,18g x 24កញ្ចប់ x 12សុង,9556218121521.jpg,standard
9556218121545,នំពងទាចានសូកូឡាទឹកដោះគោ,LONDON PIE KOKO,0030,11,1.5,1.8,480,,,,សុង=1_1.8|កេស=12_21.5,,,,,,18g x 24កញ្ចប់ x 12សុង,18g x 24កញ្ចប់ x 12សុង,18g x 24កញ្ចប់ x 12សុង,18g x 24កញ្ចប់ x 12សុង,18g x 24កញ្ចប់ x 12សុង,18g x 24កញ្ចប់ x 12សុង,9556218121545.jpg,standard
9556218122597,នំពងទារូបតុក្តតាទឹកដោះគោ,LONDON PANDA BEAR MILK BROWNIE,0067,11,1.42,1.84,480,,,,សុង=1_1.84|កេស=12_22,,,,,,20g x 24កញ្ចប់ x 12សុង,20g x 24កញ្ចប់ x 12សុង,20g x 24កញ្ចប់ x 12សុង,20g x 24កញ្ចប់ x 12សុង,20g x 24កញ្ចប់ x 12សុង,20g x 24កញ្ចប់ x 12សុង,9556218122597.jpg,standard
9556218122580,នំពងទារូបតុក្តតាសុកូឡា,LONDON PANDA BEAR CHOCO BROWNIE,0067,11,1.42,1.84,480,,,,សុង=1_1.84|កេស=12_22,,,,,,20g x 24កញ្ចប់ x 12សុង,20g x 24កញ្ចប់ x 12សុង,20g x 24កញ្ចប់ x 12សុង,20g x 24កញ្ចប់ x 12សុង,20g x 24កញ្ចប់ x 12សុង,20g x 24កញ្ចប់ x 12សុង,9556218122580.jpg,standard
9556055663154,នំពងទាបេះដូងឈីសនិងប៊ីរ,LONDON LOVE CAKE CHEESE & BUTTER,0031,11,1.5,1.84,480,,,,សុង=1_1.84|កេស=12_22,,,,,,20g x 24កញ្ចប់ x 12សុង,20g x 24កញ្ចប់ x 12សុង,20g x 24កញ្ចប់ x 12សុង,20g x 24កញ្ចប់ x 12សុង,20g x 24កញ្ចប់ x 12សុង,20g x 24កញ្ចប់ x 12សុង,9556055663154.jpg,standard
9556055663192,នំពងទាបេះដូងទឹកដោះគោ,LONDON LOVE MILK,0031,11,1.5,1.84,480,,,,សុង=1_1.84|កេស=12_22,,,,,,20g x 24កញ្ចប់ x 12សុង,20g x 24កញ្ចប់ x 12សុង,20g x 24កញ្ចប់ x 12សុង,20g x 24កញ្ចប់ x 12សុង,20g x 24កញ្ចប់ x 12សុង,20g x 24កញ្ចប់ x 12សុង,9556055663192.jpg,standard
9556218128179,នំពងទាប្រអប់បេះដូងឈីសនិងប៊ីរ,LONDON LOVE BOXES CAKE CHEESE & BUTTER,0068,9,0.75,1.05,360,,,,ប្រអប់=1_1.05|កេស=12_12.5,,,,,,20g x 6កញ្ចប់ x 12ប្រអប់,20g x 6កញ្ចប់ x 12ប្រអប់,20g x 6កញ្ចប់ x 12ប្រអប់,20g x 6កញ្ចប់ x 12ប្រអប់,20g x 6កញ្ចប់ x 12ប្រអប់,20g x 6កញ្ចប់ x 12ប្រអប់,9556218128179.jpg,standard
9556218128186,នំពងទាប្រអប់បេះដូងទឹកដោះគោ,LONDON LOVE BOXES MILK,0068,9,0.75,1.05,360,,,,ប្រអប់=1_1.05|កេស=12_12.5,,,,,,20g x 6កញ្ចប់ x 12ប្រអប់,20g x 6កញ្ចប់ x 12ប្រអប់,20g x 6កញ្ចប់ x 12ប្រអប់,20g x 6កញ្ចប់ x 12ប្រអប់,20g x 6កញ្ចប់ x 12ប្រអប់,20g x 6កញ្ចប់ x 12ប្រអប់,9556218128186.jpg,standard
9555701500959,នំឃុកឃីកញ្ចប់GPR(72g)ខៀវ,BUTTER COOKESE PILLOW PACK,0068,2,0.38,0.5,960,,,,កញ្ចប់=1_0.5|កេស=48_23.5,,,,,,72g x 48កញ្ចប់,72g x 48កញ្ចប់,72g x 48កញ្ចប់,72g x 48កញ្ចប់,72g x 48កញ្ចប់,72g x 48កញ្ចប់,9555701500959.jpg,standard
9555701500942,នំឃុកឃីកញ្ចប់GPR(72g)សូកូឡាផ្កាឈូក,OAT COOKESE CHOCOLATE CHIPS,0069,2,0.38,0.5,960,,,,កញ្ចប់=1_0.5|កេស=48_23.5,,,,,,72g x 48កញ្ចប់,72g x 48កញ្ចប់,72g x 48កញ្ចប់,72g x 48កញ្ចប់,72g x 48កញ្ចប់,72g x 48កញ្ចប់,9555701500942.jpg,standard
9555701500935,នំឃុកឃីកញ្ចប់GPR(72g)សូកូឡាខៀវ,OAT COOKESE CHOCOLATE CHIPS & RAISIN,0069,2,0.38,0.5,960,,,,កញ្ចប់=1_0.5|កេស=48_23.5,,,,,,72g x 48កញ្ចប់,72g x 48កញ្ចប់,72g x 48កញ្ចប់,72g x 48កញ្ចប់,72g x 48កញ្ចប់,72g x 48កញ្ចប់,9555701500935.jpg,standard
9556173380469,ស្ករកំប៉ុងហ្វូតភ្លើសទឹកក្រូច,FRUIT PLUS ORANGE,0032,5,3.54,3.94,160,,,,កំប៉ុង=1_3.94|កេស=8_31.5,,,,,,350គ្រាប់​​ x 8កំប៉ុង,350គ្រាប់​​ x 8កំប៉ុង,350គ្រាប់​​ x 8កំប៉ុង,350គ្រាប់​​ x 8កំប៉ុង,350គ្រាប់​​ x 8កំប៉ុង,350គ្រាប់​​ x 8កំប៉ុង,9556173380469.jpg,standard
9556173380452,ស្ករកំប៉ុងហ្វូតភ្លើសទំពាំងបាយជូ,FRUIT PLUS BLACKCURRAN,0032,5,3.54,3.94,160,,,,កំប៉ុង=1_3.94|កេស=8_31.5,,,,,,350គ្រាប់​​ x 8កំប៉ុង,350គ្រាប់​​ x 8កំប៉ុង,350គ្រាប់​​ x 8កំប៉ុង,350គ្រាប់​​ x 8កំប៉ុង,350គ្រាប់​​ x 8កំប៉ុង,350គ្រាប់​​ x 8កំប៉ុង,9556173380452.jpg,standard
9556173380476,ស្ករកំប៉ុងហ្វូតភ្លើសស្ត្របេរី,FRUIT PLUS STRAWBRRY,0032,5,3.54,3.94,160,,,,កំប៉ុង=1_3.94|កេស=8_31.5,,,,,,350គ្រាប់​​ x 8កំប៉ុង,350គ្រាប់​​ x 8កំប៉ុង,350គ្រាប់​​ x 8កំប៉ុង,350គ្រាប់​​ x 8កំប៉ុង,350គ្រាប់​​ x 8កំប៉ុង,350គ្រាប់​​ x 8កំប៉ុង,9556173380476.jpg,standard
9556173380636,ស្ករកំប៉ុងហ្វូតភ្លើសប៉ោម,FRUIT PLUS APPLE,0032,5,3.54,3.94,160,,,,កំប៉ុង=1_3.94|កេស=8_31.5,,,,,,350គ្រាប់​​ x 8កំប៉ុង,350គ្រាប់​​ x 8កំប៉ុង,350គ្រាប់​​ x 8កំប៉ុង,350គ្រាប់​​ x 8កំប៉ុង,350គ្រាប់​​ x 8កំប៉ុង,350គ្រាប់​​ x 8កំប៉ុង,9556173380636.jpg,standard
9556173383422,ស្ករកំប៉ុងហ្វូតភ្លើសជីអង់កាម,FRUIT PLUS GUAVA,0032,5,3.54,3.94,160,,,,កំប៉ុង=1_3.94|កេស=8_31.5,,,,,,350គ្រាប់​​ x 8កំប៉ុង,350គ្រាប់​​ x 8កំប៉ុង,350គ្រាប់​​ x 8កំប៉ុង,350គ្រាប់​​ x 8កំប៉ុង,350គ្រាប់​​ x 8កំប៉ុង,350គ្រាប់​​ x 8កំប៉ុង,9556173383422.jpg,standard
9556173380605,ស្ករកំប៉ុងហ្វូតភ្លើសរសជាតិដើម,MINIT PLUS ORIGINAL MINT,0032,5,3.54,3.94,160,,,,កំប៉ុង=1_3.94|កេស=8_31.5,,,,,,350គ្រាប់​​ x 8កំប៉ុង,350គ្រាប់​​ x 8កំប៉ុង,350គ្រាប់​​ x 8កំប៉ុង,350គ្រាប់​​ x 8កំប៉ុង,350គ្រាប់​​ x 8កំប៉ុង,350គ្រាប់​​ x 8កំប៉ុង,9556173380605.jpg,standard
9556173380612,ស្ករកំប៉ុងហ្វូតភ្លើសរសជាតិត្រជាក់,MINIT PLUS  COOL BLUE,0032,5,3.54,3.94,160,,,,កំប៉ុង=1_3.94|កេស=8_31.5,,,,,,350គ្រាប់​​ x 8កំប៉ុង,350គ្រាប់​​ x 8កំប៉ុង,350គ្រាប់​​ x 8កំប៉ុង,350គ្រាប់​​ x 8កំប៉ុង,350គ្រាប់​​ x 8កំប៉ុង,350គ្រាប់​​ x 8កំប៉ុង,9556173380612.jpg,standard
9556173380629,ស្ករកំប៉ុងហ្វូតភ្លើសរសជាតិប្រហើរ,MINIT  PLUS FRESH GREEN ,0032,5,3.54,3.94,160,,,,កំប៉ុង=1_3.94|កេស=8_31.5,,,,,,350គ្រាប់​​ x 8កំប៉ុង,350គ្រាប់​​ x 8កំប៉ុង,350គ្រាប់​​ x 8កំប៉ុង,350គ្រាប់​​ x 8កំប៉ុង,350គ្រាប់​​ x 8កំប៉ុង,350គ្រាប់​​ x 8កំប៉ុង,9556173380629.jpg,standard
9556173385457,ស្ករកំប៉ុងហ្វូតភ្លើសកាហ្វេ,CHOCO PLUS,0032,5,3.54,3.94,160,,,,កំប៉ុង=1_3.94|កេស=8_31.5,,,,,,350គ្រាប់​​ x 8កំប៉ុង,350គ្រាប់​​ x 8កំប៉ុង,350គ្រាប់​​ x 8កំប៉ុង,350គ្រាប់​​ x 8កំប៉ុង,350គ្រាប់​​ x 8កំប៉ុង,350គ្រាប់​​ x 8កំប៉ុង,9556173385457.jpg,standard
9556173380186,ចំរុះ,MIX,0032,5,3.54,3.94,160,,,,កំប៉ុង=1_3.94|កេស=8_31.5,,,,,,350គ្រាប់​​ x 8កំប៉ុង,350គ្រាប់​​ x 8កំប៉ុង,350គ្រាប់​​ x 8កំប៉ុង,350គ្រាប់​​ x 8កំប៉ុង,350គ្រាប់​​ x 8កំប៉ុង,350គ្រាប់​​ x 8កំប៉ុង,9556173380186.jpg,standard
9555311007701,ស្ករប្រអប់ដែកជ្រុងឡុនតុនលឿង,LONTTONWF ASSORTED FRUIT CHEWIE CANDY YELLOW TIN,0070,9,3.25,3.8,240,,,,ប្រអប់=1_3.8|កេស=12_45.5,,,,,,268GM X 12ប្រអប់,268GM X 12ប្រអប់,268GM X 12ប្រអប់,268GM X 12ប្រអប់,268GM X 12ប្រអប់,268GM X 12ប្រអប់,9555311007701.jpg,standard
9555311007695,ស្ករប្រអប់ដែកជ្រុងឡុនតុនក្រហម,LONTTONWF ASSORTED FRUIT CHEWIE CANDY RED TIN,0070,9,3.25,3.8,240,,,,ប្រអប់=1_3.8|កេស=12_45.5,,,,,,268GM X 12ប្រអប់,268GM X 12ប្រអប់,268GM X 12ប្រអប់,268GM X 12ប្រអប់,268GM X 12ប្រអប់,268GM X 12ប្រអប់,9555311007695.jpg,standard
9555463201477,កាហ្វេ​​សាន់អាស៊ីពណ៌ត្នោត(30កញ្ចប់),SUNASIA 3 IN 1 PREMIXED WHITE COFFEE,0033,2,2.67,3.54,240,,,,កញ្ចប់=1_3.54|កេស=12_42.5,,,,,,20g x 12កញ្ចប់ x 30កញ្ចប់,20g x 12កញ្ចប់ x 30កញ្ចប់,20g x 12កញ្ចប់ x 30កញ្ចប់,20g x 12កញ្ចប់ x 30កញ្ចប់,20g x 12កញ្ចប់ x 30កញ្ចប់,20g x 12កញ្ចប់ x 30កញ្ចប់,9555463201477.jpg,standard
9555463201484,កាហ្វេសាន់អាស៊ីពណ៌បៃតង(30កញ្ចប់),SUNASIA 3 IN 1 INSTANT HAZELNUT WHITE COFFEE,0033,2,2.67,3.54,240,,,,កញ្ចប់=1_3.54|កេស=12_42.5,,,,,,20g x 12កញ្ចប់ x 30កញ្ចប់,20g x 12កញ្ចប់ x 30កញ្ចប់,20g x 12កញ្ចប់ x 30កញ្ចប់,20g x 12កញ្ចប់ x 30កញ្ចប់,20g x 12កញ្ចប់ x 30កញ្ចប់,20g x 12កញ្ចប់ x 30កញ្ចប់,9555463201484.jpg,standard
9555463201569,កាហ្វេ​សាន់ អាស៊ីពណ៌ត្នោត(50កញ្ចប់),SUNASIA 3 IN 1 PREMIXED WHITE COFFEE,0034,2,4,4.88,240,,,,កញ្ចប់=1_4.88|កេស=12_58.5,,,,,,20g x 12កញ្ចប់ x 50កញ្ចប់,20g x 12កញ្ចប់ x 50កញ្ចប់,20g x 12កញ្ចប់ x 50កញ្ចប់,20g x 12កញ្ចប់ x 50កញ្ចប់,20g x 12កញ្ចប់ x 50កញ្ចប់,20g x 12កញ្ចប់ x 50កញ្ចប់,9555463201569.jpg,standard
9555463201552,កាហ្វេសាន់ អាស៊ីពណ៌បៃតង(50កញ្ចប់),SUNASIA 3 IN 1 INSTANT HAZELNUT WHITE COFFEE,0034,2,4,4.88,240,,,,កញ្ចប់=1_4.88|កេស=12_58.5,,,,,,20g x 12កញ្ចប់ x 50កញ្ចប់,20g x 12កញ្ចប់ x 50កញ្ចប់,20g x 12កញ្ចប់ x 50កញ្ចប់,20g x 12កញ្ចប់ x 50កញ្ចប់,20g x 12កញ្ចប់ x 50កញ្ចប់,20g x 12កញ្ចប់ x 50កញ្ចប់,9555463201552.jpg,standard
9555105801119,ស្ករសុកូឡាកែវជ្រុង,MILK CHOCOLATE CUP,0036,4,4.39,4.9,200,,,,កែវ=1_4.9|កេស=10_49,,,,,,1kg x 10កែវ,1kg x 10កែវ,1kg x 10កែវ,1kg x 10កែវ,1kg x 10កែវ,1kg x 10កែវ,9555105801119.jpg,standard
9555105801102,ស្ករសុកូឡារូបឡាន,MILK CAR CHOCOLATE,0036,4,4.39,4.9,200,,,,កែវ=1_4.9|កេស=10_49,,,,,,1.2kg x 10កែវ,1.2kg x 10កែវ,1.2kg x 10កែវ,1.2kg x 10កែវ,1.2kg x 10កែវ,1.2kg x 10កែវ,9555105801102.jpg,standard
721557357507,ទឹកសណ្តែករសជាតិសណ្តែក,LONTTONWF SOYFUN SOYA DRINK ,0071,6,0.33,0.46,4800,,,,ដប=1_0.46|កេស=24_11,,,,,,310ml x 24ដប,310ml x 24ដប,310ml x 24ដប,310ml x 24ដប,310ml x 24ដប,310ml x 24ដប,721557357507.jpg,standard
721557357446,ទឹកសណ្តែករសជាតិស្ត្របេរី,LONTTONWF SOYFUN STRAWBERRY DRINK,0071,6,0.33,0.46,4800,,,,ដប=1_0.46|កេស=24_11,,,,,,310ml x 24ដប,310ml x 24ដប,310ml x 24ដប,310ml x 24ដប,310ml x 24ដប,310ml x 24ដប,721557357446.jpg,standard
9555105803069,ស្ករសុកូឡាគ្រាប់ផ្លែឈើ4ដើម,MARRYLAND MILK CHOCOLATE,0072,9,0.89,1.07,1440,,,,ប្រអប់=1_1.07|កេស=72_76.5,,,,,,30g x 4ដើម x 72ប្រអប់,30g x 4ដើម x 72ប្រអប់,30g x 4ដើម x 72ប្រអប់,30g x 4ដើម x 72ប្រអប់,30g x 4ដើម x 72ប្រអប់,30g x 4ដើម x 72ប្រអប់,9555105803069.jpg,standard
9555105803052,ស្ករសុកូឡាផ្លែឈើ4ដើម,SPLEE MILK CHOCOLATE,0072,9,0.89,1.07,1440,,,,ប្រអប់=1_1.07|កេស=72_76.5,,,,,,30g x 4ដើម x 72ប្រអប់,30g x 4ដើម x 72ប្រអប់,30g x 4ដើម x 72ប្រអប់,30g x 4ដើម x 72ប្រអប់,30g x 4ដើម x 72ប្រអប់,30g x 4ដើម x 72ប្រអប់,9555105803052.jpg,standard
955510580376,ស្ករសុកូឡាគ្រាប់ផ្លែឈើ6ដើម,MARRYLAND MILK CHOCOLATE,0073,9,1.3,1.6,960,,,,ប្រអប់=1_1.6|កេស=48_76.5,,,,,,30g x 6ដើម x 48ប្រអប់,30g x 6ដើម x 48ប្រអប់,30g x 6ដើម x 48ប្រអប់,30g x 6ដើម x 48ប្រអប់,30g x 6ដើម x 48ប្រអប់,30g x 6ដើម x 48ប្រអប់,955510580376.jpg,standard
9555105803045,ស្ករសុកូឡាផ្លែឈើ6ដើម,SPLEE MILK CHOCOLATE,0073,9,1.3,1.6,960,,,,ប្រអប់=1_1.6|កេស=48_76.5,,,,,,30g x 6ដើម x 48ប្រអប់,30g x 6ដើម x 48ប្រអប់,30g x 6ដើម x 48ប្រអប់,30g x 6ដើម x 48ប្រអប់,30g x 6ដើម x 48ប្រអប់,30g x 6ដើម x 48ប្រអប់,9555105803045.jpg,standard
9555105806268,ស្ករសុកូឡាមាស4ដើម,MARRYLAND PREMIUM GOLD MILK CHOCOLATE BAR,0074,9,0.99,1.09,1440,,,,ប្រអប់=1_1.09|កេស=72_78.5,,,,,,30g x 4ដើម x 72ប្រអប់,30g x 4ដើម x 72ប្រអប់,30g x 4ដើម x 72ប្រអប់,30g x 4ដើម x 72ប្រអប់,30g x 4ដើម x 72ប្រអប់,30g x 4ដើម x 72ប្រអប់,9555105806268.jpg,standard
9555105806251,ស្ករសុកូឡាមាស6ដើម,MARRYLAND PREMIUM GOLD MILK CHOCOLATE BAR ,0075,9,1.48,1.64,960,,,,ប្រអប់=1_1.64|កេស=48_78.5,,,,,,30g x 6ដើម x 48ប្រអប់,30g x 6ដើម x 48ប្រអប់,30g x 6ដើម x 48ប្រអប់,30g x 6ដើម x 48ប្រអប់,30g x 6ដើម x 48ប្រអប់,30g x 6ដើម x 48ប្រអប់,9555105806251.jpg,standard
9555105800709,ស្ករសុកូឡាផ្លែឈើដើមធំ4ដើម,MARRYLAND MILK CHOCOLATE,0076,9,2.04,2.19,480,,,,ប្រអប់=1_2.19|កេស=24_52.5,,,,,,70g x 4ដើម x 24ប្រអប់,70g x 4ដើម x 24ប្រអប់,70g x 4ដើម x 24ប្រអប់,70g x 4ដើម x 24ប្រអប់,70g x 4ដើម x 24ប្រអប់,70g x 4ដើម x 24ប្រអប់,9555105800709.jpg,standard
9555105803106,ស្ករសុកូឡាផ្លែឈើដើមតូច10ដើម,MARRYLAND MILK CHOCOLATE,0077,9,1.33,2.42,480,,,,ប្រអប់=1_2.42|កេស=24_58,,,,,,30g x 10ដើម x 24ប្រអប់,30g x 10ដើម x 24ប្រអប់,30g x 10ដើម x 24ប្រអប់,30g x 10ដើម x 24ប្រអប់,30g x 10ដើម x 24ប្រអប់,30g x 10ដើម x 24ប្រអប់,9555105803106.jpg,standard
4897032160088,ចាហ៊ួយរូបខ្លាឃ្មុំ,JELLY IN BEAR​ MEDIUM,0037,5,2.83,3.67,600,,,,កំប៉ុង=1_3.67|កេស=6_22,,,,,,640g x 6កំប៉ុង,640g x 6កំប៉ុង,640g x 6កំប៉ុង,640g x 6កំប៉ុង,640g x 6កំប៉ុង,640g x 6កំប៉ុង,4897032160088.jpg,standard
4897032161283,ចាហ៊ួយរូបឡាន,JELLY IN CAR,0038,5,3.22,4.5,600,,,,កំប៉ុង=1_4.5|កេស=6_27,,,,,,1500g x 6កំប៉ុង,1500g x 6កំប៉ុង,1500g x 6កំប៉ុង,1500g x 6កំប៉ុង,1500g x 6កំប៉ុង,1500g x 6កំប៉ុង,4897032161283.jpg,standard
4897032161580,ចាហ៊ួយកែវមូល​កន្ទុំរុយត្រាវ,JELLY CUP TARO FLAVOR,0039,5,1.95,3,600,,,,កំប៉ុង=1_3|កេស=6_18,,,,,,1.530g x 6កំប៉ុង,1.530g x 6កំប៉ុង,1.530g x 6កំប៉ុង,1.530g x 6កំប៉ុង,1.530g x 6កំប៉ុង,1.530g x 6កំប៉ុង,4897032161580.jpg,standard
4897032161689,ចាហ៊ួយកែវមូល​កន្ទុំរុយគ្រប់មុខ,JELLY CUP ASSORTED FRUIT ,0039,5,1.95,3,600,,,,កំប៉ុង=1_3|កេស=6_18,,,,,,1.530g x 6កំប៉ុង,1.530g x 6កំប៉ុង,1.530g x 6កំប៉ុង,1.530g x 6កំប៉ុង,1.530g x 6កំប៉ុង,1.530g x 6កំប៉ុង,4897032161689.jpg,standard
4897032161597,ចាហ៊ួយកែវមូល​កន្ទុំរុយគូលេន,JELLY CUP LYCHEE FLAVOR,0039,5,1.95,3,600,,,,កំប៉ុង=1_3|កេស=6_18,,,,,,1.530g x 6កំប៉ុង,1.530g x 6កំប៉ុង,1.530g x 6កំប៉ុង,1.530g x 6កំប៉ុង,1.530g x 6កំប៉ុង,1.530g x 6កំប៉ុង,4897032161597.jpg,standard
721557357316,ចាហ៊ួយកែវជ្រុងកន្ទុំរុយ,DRAGONFLY PORTABLE JELLY,0040,4,2.33,3.42,180,,,,កែវ=1_3.42|កេស=6_20.5,,,,,,16g x 100គ្រាប់ x 6កែវ,16g x 100គ្រាប់ x 6កែវ,16g x 100គ្រាប់ x 6កែវ,16g x 100គ្រាប់ x 6កែវ,16g x 100គ្រាប់ x 6កែវ,16g x 100គ្រាប់ x 6កែវ,721557357316.jpg,standard
9555867309601,ចាហ៊ួយកញ្ចប់ម៉ាឡេ,ADIPUTRI FRUIT JELLY,0041,2,0.35,0.52,720,,,,កញ្ចប់=1_0.52|កេស=24_12.5,,,,,,256g x 24កញ្ចប់,256g x 24កញ្ចប់,256g x 24កញ្ចប់,256g x 24កញ្ចប់,256g x 24កញ្ចប់,256g x 24កញ្ចប់,9555867309601.jpg,standard
721557320259,គូលេនកំប៉ុង,DF LYCHEES,0044,5,0.95,1.13,4800,,,,កំប៉ុង=1_1.13|កេស=24_27,,,,,,565g x 24កំប៉ុង,565g x 24កំប៉ុង,565g x 24កំប៉ុង,565g x 24កំប៉ុង,565g x 24កំប៉ុង,565g x 24កំប៉ុង,721557320259.jpg,standard
721557131886,ផ្សិតលីងជឺកំប៉ុង,DF BAILING MUSHROOM,0045,5,1.26,1.4,2400,,,,កំប៉ុង=1_1.4|កេស=24_33.5,,,,,,850g x 24កំប៉ុង,850g x 24កំប៉ុង,850g x 24កំប៉ុង,850g x 24កំប៉ុង,850g x 24កំប៉ុង,850g x 24កំប៉ុង,721557131886.jpg,standard
6942017060308,ប៉ាវហ៊ីកំប៉ុង,ABALONE MUSHROOM,0078,5,18.75,20.84,120,,,,កំប៉ុង=1_20.84|កេស=24_500,,,,,,425g x 24កំប៉ុង,425g x 24កំប៉ុង,425g x 24កំប៉ុង,425g x 24កំប៉ុង,425g x 24កំប៉ុង,425g x 24កំប៉ុង,6942017060308.jpg,standard
721557131077,ផ្សិតកំប៉ុងធំ,DF WHOLE MUSHROOM,0046,5,1.38,1.36,2400,,,,កំប៉ុង=1_1.36|កេស=24_32.5,,,,,,850g x 24កំប៉ុង,850g x 24កំប៉ុង,850g x 24កំប៉ុង,850g x 24កំប៉ុង,850g x 24កំប៉ុង,850g x 24កំប៉ុង,721557131077.jpg,standard
721557131053,ផ្សិតកំប៉ុងតូច,DF WHOLE MUSHROOM,0047,5,0.71,0.73,2400,,,,កំប៉ុង=1_0.73|កេស=24_17.5,,,,,,425g x 24កំប៉ុង,425g x 24កំប៉ុង,425g x 24កំប៉ុង,425g x 24កំប៉ុង,425g x 24កំប៉ុង,425g x 24កំប៉ុង,721557131053.jpg,standard
721557215234,ប្រេងខ្យងកាដុងតូច,DRAGONFLY OYSTER SAUCE ,0048,3,3.22,4.33,300,,,,កាដុង=1_4.33|កេស=6_26,,,,,,2L x 6កាដុង,2L x 6កាដុង,2L x 6កាដុង,2L x 6កាដុង,2L x 6កាដុង,2L x 6កាដុង,721557215234.jpg,standard
721557215235,ប្រេងខ្យងកាដុងធំ,DRAGONFLY OYSTER SAUCE ,0049,3,6.27,7.26,200,,,,កាដុង=1_7.26|កេស=4_29,,,,,,4500g x 4កាដុង,4500g x 4កាដុង,4500g x 4កាដុង,4500g x 4កាដុង,4500g x 4កាដុង,4500g x 4កាដុង,721557215235.jpg,standard
721557215241,ប្រេងខ្យងកំប៉ុង,DRAGONFLY OYSTER SAUCE ,0050,5,3.42,4.83,600,,,,កំប៉ុង=1_4.83|កេស=6_29,,,,,,2268g x 6កំប៉ុង,2268g x 6កំប៉ុង,2268g x 6កំប៉ុង,2268g x 6កំប៉ុង,2268g x 6កំប៉ុង,2268g x 6កំប៉ុង,721557215241.jpg,standard
721557215173,ប្រេងខ្យងដបតូច,DRAGONFLY OYSTER SAUCE ,0051,6,0.52,0.62,960,,,,ដប=1_0.62|កេស=48_29.5,,,,,,240g x 48ដប,240g x 48ដប,240g x 48ដប,240g x 48ដប,240g x 48ដប,240g x 48ដប,721557215173.jpg,standard
721557215210,ប្រេងខ្យងដបកណ្ដាល,DRAGONFLY OYSTER SAUCE ,0052,6,0.92,1.13,960,,,,ដប=1_1.13|កេស=24_27,,,,,,567g x 24ដប,567g x 24ដប,567g x 24ដប,567g x 24ដប,567g x 24ដប,567g x 24ដប,721557215210.jpg,standard
721557215227,ប្រេងខ្យងដបធំ,DRAGONFLY OYSTER SAUCE ,0053,6,1.26,2.13,480,,,,ដប=1_2.13|កេស=12_25.5,,,,,,850g x 12ដប,850g x 12ដប,850g x 12ដប,850g x 12ដប,850g x 12ដប,850g x 12ដប,721557215227.jpg,standard
721557215272,ប្រេងខ្យងសាំងហ៊ីកាដុង1L,DOUBLE HAPPINESS OYSTER SAUCE ,0054,3,0.75,0.96,480,,,,កាដុង=1_0.96|កេស=24_23,,,,,,1L x 24កាដុង,1L x 24កាដុង,1L x 24កាដុង,1L x 24កាដុង,1L x 24កាដុង,1L x 24កាដុង,721557215272.jpg,standard
721557215289,ប្រេងខ្យងសាំងហ៊ីកាដុង5L,DOUBLE HAPPINESS OYSTER SAUCE ,0055,3,3.38,5,80,,,,កាដុង=1_5|កេស=4_20,,,,,,4.5L x 4កាដុង,4.5L x 4កាដុង,4.5L x 4កាដុង,4.5L x 4កាដុង,4.5L x 4កាដុង,4.5L x 4កាដុង,721557215289.jpg,standard
721557215715,ទឹកជ្រលក់ម្ទេសដបតូច,DF SWEET CHILI SAUCE,0056,6,0.53,0.67,960,,,,ដប=1_0.67|កេស=24_0.67,,,,,,350g x 24ដប,350g x 24ដប,350g x 24ដប,350g x 24ដប,350g x 24ដប,350g x 24ដប,721557215715.jpg,standard
721557215708,ទឹកជ្រលក់ម្ទេសដបធំ,DF SWEET CHILI SAUCE,0057,6,1.29,1.42,480,,,,ដប=1_1.42|កេស=12_17,,,,,,820g x 12ដប,820g x 12ដប,820g x 12ដប,820g x 12ដប,820g x 12ដប,820g x 12ដប,721557215708.jpg,standard
721557216095,ទឹកស៊ីអ៊ីវដបតូច,DF SEASONJY SAUCE,0058,6,0.53,0.67,960,,,,ដប=1_0.67|កេស=24_16,,,,,,200mi x 24ដប,200mi x 24ដប,200mi x 24ដប,200mi x 24ដប,200mi x 24ដប,200mi x 24ដប,721557216095.jpg,standard
721557216101,ទឹកស៊ីអ៊ីវដបធំ,DF SEASONJY SAUCE,0059,6,1.28,1.38,480,,,,ដប=1_1.38|កេស=12_16.5,,,,,,600mi x 12ដប,600mi x 12ដប,600mi x 12ដប,600mi x 12ដប,600mi x 12ដប,600mi x 12ដប,721557216101.jpg,standard
9555867309908,ម្សៅបំពងមាន់,ADIPUTRL CLASSIC FRIED CHICKEN,0060,9,0.5,0.66,1440,,,,ប្រអប់=1_0.66|កេស=48_31.5,,,,,,150g x 48ប្រអប់,150g x 48ប្រអប់,150g x 48ប្រអប់,150g x 48ប្រអប់,150g x 48ប្រអប់,150g x 48ប្រអប់,9555867309908.jpg,standard
9555867309915,ម្សៅបំពងមាន់ម្ទេស,ADIPUTRL HOT & SPICY FRIED CHICKEN,0060,9,0.5,0.66,1440,,,,ប្រអប់=1_0.66|កេស=48_31.5,,,,,,150g x 48ប្រអប់,150g x 48ប្រអប់,150g x 48ប្រអប់,150g x 48ប្រអប់,150g x 48ប្រអប់,150g x 48ប្រអប់,9555867309915.jpg,standard
6291003052354,ប្រេងឆាHAYATធុង​18លីត្រ,HAYAT PALM COOKING OIL 18LITRES,0079,8,16.56,18.5,1250,,,,ធុង=1_18.5,,,,,,18 លីត្រ,18 លីត្រ,18 លីត្រ,18 លីត្រ,18 លីត្រ,18 លីត្រ,6291003052354.jpg,standard
6291003190186,ប្រេងឆាHAYATដប​1លីត្រ,HAYAT PALM COOKING OIL 1LITRES,0080,6,1.19,1.46,1200,,,,ដប=1_1.46|កេស=12_17.5,,,,,,1 លីត្រ X 12ដប,1 លីត្រ X 12ដប,1 លីត្រ X 12ដប,1 លីត្រ X 12ដប,1 លីត្រ X 12ដប,1 លីត្រ X 12ដប,6291003190186.jpg,standard
6291003176470,ប្រេងឆាHAYATដប​2លីត្រ,HAYAT PALM COOKING OIL 2LITRES,0081,6,2.38,2.92,1200,,,,ដប=1_2.92|កេស=6_17.5,,,,,,2 លីត្រ X 6ដប,2 លីត្រ X 6ដប,2 លីត្រ X 6ដប,2 លីត្រ X 6ដប,2 លីត្រ X 6ដប,2 លីត្រ X 6ដប,6291003176470.jpg,standard
6291003196072,ប្រេងឆាHAYATដប​5លីត្រ,HAYAT PALM COOKING OIL 5LITRES,0082,6,4.99,5.5,300,,,,ដប=1_5.5|កេស=4_22,,,,,,5 លីត្រ X 4ដប,5 លីត្រ X 4ដប,5 លីត្រ X 4ដប,5 លីត្រ X 4ដប,5 លីត្រ X 4ដប,5 លីត្រ X 4ដប,6291003196072.jpg,standard
721557450826,មីកំប៉ុងកន្ទុំរុយ( 120g ​​​)ម្ទេស,ARTIFICIAL HOT & SOUR SHRIMP FLAVOR INSTANT NOODLES,0083,5,0.83,0.92,360,,,,កំប៉ុង=1_0.92|កេស=12_11,,,,,,120g x 12កំប៉ុង,120g x 12កំប៉ុង,120g x 12កំប៉ុង,120g x 12កំប៉ុង,120g x 12កំប៉ុង,120g x 12កំប៉ុង,721557450826.jpg,standard
721557450857,មីកំប៉ុងកន្ទុំរុយ( 120g ​​​)សាច់ជ្រូក,ARTIFICIAL PORK-RIBS FLAVOR INSTANT NOODLES,0083,5,0.83,0.92,360,,,,កំប៉ុង=1_0.92|កេស=12_11,,,,,,120g x 12កំប៉ុង,120g x 12កំប៉ុង,120g x 12កំប៉ុង,120g x 12កំប៉ុង,120g x 12កំប៉ុង,120g x 12កំប៉ុង,721557450857.jpg,standard
721557450819,មីកំប៉ុងកន្ទុំរុយ( 120g ​​​)សាច់មាន់,ARTIFICIAL CHICKEN FLAVOR INSTANT NOODLES,0083,5,0.83,0.92,360,,,,កំប៉ុង=1_0.92|កេស=12_11,,,,,,120g x 12កំប៉ុង,120g x 12កំប៉ុង,120g x 12កំប៉ុង,120g x 12កំប៉ុង,120g x 12កំប៉ុង,120g x 12កំប៉ុង,721557450819.jpg,standard
721557450840,មីកំប៉ុងកន្ទុំរុយ( 120g ​​​)ខ្ទឹម,ARTIFICIAL ONION FLAVOR INSTANT NOODLES,0083,5,0.83,0.92,360,,,,កំប៉ុង=1_0.92|កេស=12_11,,,,,,120g x 12កំប៉ុង,120g x 12កំប៉ុង,120g x 12កំប៉ុង,120g x 12កំប៉ុង,120g x 12កំប៉ុង,120g x 12កំប៉ុង,721557450840.jpg,standard
721557450833,មីកំប៉ុងកន្ទុំរុយ( 120g ​​​)គ្រឿងសមុទ្រ,ARTIFICIAL SEAFOOD FLAVOR INSTANT NOODLES,0083,5,0.83,0.92,360,,,,កំប៉ុង=1_0.92|កេស=12_11,,,,,,120g x 12កំប៉ុង,120g x 12កំប៉ុង,120g x 12កំប៉ុង,120g x 12កំប៉ុង,120g x 12កំប៉ុង,120g x 12កំប៉ុង,721557450833.jpg,standard
721557450802,មីកំប៉ុងកន្ទុំរុយ( 120g ​​​)សាច់គោ,ARTIFICIAL BEEF FLAVOR INSTANT NOODLES,0083,5,0.83,0.92,360,,,,កំប៉ុង=1_0.92|កេស=12_11,,,,,,120g x 12កំប៉ុង,120g x 12កំប៉ុង,120g x 12កំប៉ុង,120g x 12កំប៉ុង,120g x 12កំប៉ុង,120g x 12កំប៉ុង,721557450802.jpg,standard
4806516761888,ទឹកដោះគោខាប់ជើស៊ី,JERSEY BRAND SWEETEND CONDENSED CREAMER,0084,5,0.38,0.56,9600,,,,កំប៉ុង=1_0.56|កេស=48_26.5,,,,,,390g x 48កំប៉ុង,390g x 48កំប៉ុង,390g x 48កំប៉ុង,390g x 48កំប៉ុង,390g x 48កំប៉ុង,390g x 48កំប៉ុង,4806516761888.jpg,standard
